CODIGO,NOME,DOCUMENTO,CEP
76553212848834,Dr. Pedro Miguel Pastor,09184623713,39738283
71965290713875,Helena Mendonça,51729360416,12839749
46402251221198,Luiza Santos,87102439687,67283657
30674943498901,Alícia Ferreira,04839675210,48214337
28711813900055,Sr. Benjamin Pires,85627341955,40923777
83130903191954,Bianca Pacheco,84635210960,10928227
60592991380344,Sabrina Borges,08156947258,51677823
68183731540137,Matheus Moreira,19052768420,91277833
84233075131517,Jade Siqueira,68271950312,37532407
41348980922502,Dr. Danilo Rezende,85069732447,61523013
16886371505274,Nathan Nunes,58940317610,46099104
40734084326496,Daniel Guerra,64193720543,26222262
68201212436036,Srta. Ayla Costela,07216839595,76355339
94070569513060,Srta. Bárbara Novais,56417230961,44692582
92806841541492,Lara Ramos,36587041957,10350878
88096470623521,Theo Marques,62438709529,58007675
61839571514704,Cauã Guerra,73850426947,47103803
20960159992546,Dr. João Vitor Casa Grande,54120783979,39215486
73873852877241,Henrique Rezende,63420875983,43888785
22110812956306,Dra. Ana Lívia Lima,38059621424,02310314
16094878456548,João Vitor Costa,50783194684,93487168
81216981414145,Henrique Araújo,96573021886,42669300
58572146523587,João Pedro da Mata,54096783110,87480533
40746415655822,Catarina Pacheco,21084359642,70688034
49351335107442,Ana Beatriz Silva,73295160406,25113918
17442514227226,Sr. Léo Mendes,40137582617,22790951
17452605156420,Caroline Leão,57693180400,33517256
93484044108171,Rebeca Rodrigues,98264715001,46616051
39369353063471,Matteo Ramos,36415789228,53499752
32664346706528,Ana Pacheco,16290348515,38653868
67425778728056,Sra. Camila Abreu,03624571826,83530643
17772122709830,Dra. Gabriela Teixeira,75380269168,52550425
39240974765051,Sophie Dias,87652109302,36917637
44163218663595,Sr. Léo Carvalho,62450789383,12697723
33253214191953,Dr. Benjamim Teixeira,64579018320,69577701
37482046176180,Pietro da Costa,76513809240,86451689
35974779302327,Marina Caldeira,95146208360,65804919
29721856307292,Ana Luiza Vasconcelos,64983702547,56800936
47673356424589,Ana Liz Aparecida,80632741562,59730381
27751033914276,Ana Cecília Sousa,87659231030,68820524
59717632751498,Hadassa Câmara,81502437988,17373422
98334408651737,Ana Julia Azevedo,35029186786,39184604
53172797854631,André Brito,91268473022,03274125
75819541846808,Gabriela Castro,20196584370,88988802
94451238393012,Gabriela da Paz,72410596380,38008979
22477305608069,Rebeca Sales,48960531766,74485337
12544748750208,Sr. Enzo Pinto,01234657961,63134076
24617107674494,Dr. Caleb Pereira,21937860540,85929702
23874610366650,Rebeca Rios,24803195714,37979332
75834364659969,Mirella Casa Grande,60192745867,97324118
19763345848809,Sophia Moura,83750216444,43183493
82115809798858,Laís Barbosa,65410923898,18310476
97705981817128,Vinicius da Mota,23051689777,08248177
60486344367147,Isabel Mendonça,46791053216,36075816
45973597256008,Heloisa Lopes,76504391866,33605441
14460315401671,Bella Fogaça,79528346146,09531638
45621224068457,Sra. Hellena Aragão,37296058102,19766150
88685108423930,Brayan Barros,81209354705,85115677
72254908231242,Anthony Gabriel Araújo,58490632774,96615572
38512587329707,Dr. Davi Miguel Cassiano,21795408685,78576950
51100367093204,Dr. Theo Rodrigues,06815973212,28899544
95985819723530,Maria Clara Costa,69417385291,66713217
91459637916751,Ester Câmara,68910572485,10832603
99065330632329,Maria Isis Cassiano,16390524706,63826198
72692422162183,Srta. Ester Marques,91346052824,39076412
63562870250287,Maria Eduarda Pacheco,50739826492,29810011
86903611853604,Bento da Conceição,34621895737,10343974
43162747451597,Ágatha Guerra,68435102726,93221578
28566669283374,Bruna Vargas,74938201631,73119658
70781046422684,Arthur Miguel Guerra,29140386740,67522116
77304020015836,Francisco Abreu,64971058320,74621307
92946832014796,Maria Isis Sá,92065473800,10272370
50256506144148,Zoe Andrade,61790532868,78313151
45714828926127,João Vitor Duarte,91578340675,69996408
90930817054600,Brenda Melo,81967543020,28948516
75464917913669,Lucas Gabriel Siqueira,79460358101,69229860
37860260330746,Dra. Maria Helena Sampaio,60978351401,76608706
19023668207608,Hadassa Montenegro,34219705805,32918333
41758722399843,Yuri Teixeira,13924758050,68770476
36811464349131,Vitor Costa,98120674340,81253362
49643234048945,Calebe Cunha,86719035401,08005103
89250585384047,Sra. Mariane Farias,49817502341,89493287
46801716210501,Sr. José Andrade,64801279350,25494303
22577797801905,Dr. Rodrigo Santos,61590283406,47605798
20727541259037,João Gabriel Vasconcelos,75930128405,22743341
21677044491477,Léo Ramos,28436519728,24873343
71638197656173,Maria Fernanda Barros,71420638904,56671558
61771463677419,Catarina da Rocha,29318064551,29986948
44488266608964,Sra. Lavínia Silva,67019283586,03003462
13050938376156,Maria Fernanda Cassiano,76392810404,72775425
51149922211954,Rebeca Machado,75412839088,25114839
52117527306154,Bella Ribeiro,94128305642,73022366
61556974755433,Bruno Cassiano,92154387691,75005061
60639746850682,Vinicius Novais,58240179304,05272556
37216867343342,Dr. Arthur Miguel Barros,79528406149,71245369
75928345534929,Eduardo Mendes,04539862774,95344317
10798900099652,Heloisa Machado,96124307561,90871212
99014569171439,Luiz Felipe Albuquerque,71098435648,92703005
52792495479069,Jade Abreu,26751890303,69465811
99103029253991,Brayan Gonçalves,71529346819,43532570
39261444210819,Alícia da Paz,27689341004,79952651
16931315748592,Maria Julia da Rosa,92540381723,04341721
13099490230263,Luna Moura,97268350112,43907847
63931025626588,Maitê Oliveira,59684203160,13346825
34255078076647,Ana Beatriz Guerra,90461875357,59918965
92748950524533,Hellena Sales,80362174571,23366503
10914437105660,Matheus Costela,60815734948,57756745
52679530234166,Mariana Abreu,54382607965,52115582
60096491362603,Luigi Caldeira,60571932452,75909469
94495207170971,Heloisa Fogaça,51628437928,98622209
16035458839411,Heitor Jesus,69245708365,55751426
25517071593654,João Vitor Nunes,35849076166,36754412
34957049527499,Dra. Maysa da Luz,39186547291,09666396
55960347095776,Matheus Cardoso,05893271432,83821874
10775557269201,Gael Aparecida,74806235938,85610206
35254159737950,Maria Clara Melo,15869074339,97716189
16801658946562,Maria Eduarda Araújo,01832659712,16165888
82211897657889,Rafael Borges,49728153023,37478578
69108182570461,Dr. Thales Araújo,15286437044,55014914
21485045280793,Heloisa Machado,81673042562,67716487
42725322100466,Milena Sousa,74960123516,86662692
51267519763691,Maria Silveira,38569470193,44069601
31803472364273,João Miguel Oliveira,68915027302,07472615
86666382106678,Luiza Porto,68054321708,19120648
74402495634573,Dr. Thomas Sales,91053286406,41140551
29178731070315,Cecília Vasconcelos,19853062470,32249246
94249673620459,Diego Macedo,48976513010,80014657
80054236491423,Vitor Borges,86412053735,94480454
60049790249226,Isabela Duarte,20935678140,41520053
48383311205235,Kevin Vasconcelos,31746208996,46713411
91497636141139,Dra. Maria Vitória Siqueira,42906735892,63261198
46413778577850,Jade Gonçalves,87520316912,08395407
99061927450387,João Pedro Silva,87926403113,55689945
75944811345511,Brayan Correia,24195867355,55638362
34026440775781,Maria Cecília Andrade,75930641234,74594397
20466910364302,Luiz Henrique Cardoso,28156930460,38055212
87018080718828,Júlia Macedo,20795341652,09326987
52039619835833,Dr. Arthur Gabriel Sampaio,09425376107,60012329
87058024259943,Gustavo Henrique Garcia,84702961594,77872570
87976827795057,Emanuel da Mota,07856139439,32423113
14055357242776,Eloah Siqueira,54397618020,96939663
14980794080829,Pietro da Costa,76340298583,17948917
26391714952454,Esther Guerra,25873460108,59293905
30992791512696,Dr. Rodrigo Viana,67054821335,32937794
88380469803261,Sara Alves,40961283505,37067940
24428421298566,Henry Gabriel Martins,38721096503,96544340
39913155093734,Mariane Freitas,61492057894,04724859
48463602569208,Emanuelly Camargo,96230471507,25238300
21686674635876,Vitor Gabriel Gonçalves,53408619700,18566158
51847152476552,Maria Fernanda Santos,48352960792,23036515
61408711913330,Apollo Camargo,43829061722,93972403
89223239151385,Luna Vasconcelos,83462950738,81727863
19292962807559,Beatriz Farias,81743526008,43908621
28970920191205,Clarice Azevedo,29683104703,49072162
86918609115959,Caroline Souza,20864193769,75054847
90252684352806,Julia Carvalho,14593602734,16275570
84467188246929,Eduardo Fonseca,48031962570,12236961
22412956011242,Liz Abreu,46820791585,33631804
78261754619965,Marcelo da Luz,64751839209,60424847
32837059282434,Ágatha Pimenta,89031475610,16056395
31196378732725,Ana Lívia Silva,27016943534,88494487
16842442392086,Otto Araújo,18207564326,21104454
27199537867132,Juliana Borges,67135980212,49338530
75465029473841,Maria Cecília Costa,07193426516,25876058
20231906639527,Srta. Esther Porto,52741098611,36455228
97721603029649,Augusto Carvalho,35402619824,40835231
54793482351532,Bernardo Marques,09841765276,40237697
96662676282417,Valentim Rezende,83521406717,22745945
91003727636201,Yasmin da Mota,71869435001,91300407
31962347257121,Srta. Helena Caldeira,63298140589,84352604
21070031433363,Srta. Isis Machado,14289756328,45016423
14807550471306,Ana Júlia Teixeira,34926871564,25019867
87595742149888,Hadassa Ferreira,96248357137,84559306
79179584644319,Noah Sousa,84693102750,81215499
61446271587863,Alana Moura,92140638506,27191681
99583593681828,Isabella Melo,69728510411,96156766
23816133550857,Ana Vitória Cavalcante,83641905206,49246686
84764039563808,Srta. Aurora Pinto,67083415900,26306168
87196925446174,Juliana da Rosa,49356187282,83120205
10927355255028,Felipe Rezende,93157042661,17617131
68861417435798,Antônio Casa Grande,46829037131,58058613
68872528536792,Lorenzo Pinto,56901427867,01367428
48114588502039,Rael Cassiano,39742610525,80463040
24226476267578,Mateus Câmara,32041759879,87426228
54746879470358,Fernando Moraes,91638027595,41927650
75217899435839,Dr. Francisco Silva,68394107575,22590334
39567773794116,Miguel Lima,83549726155,48051489
97474489091214,Vitor Gabriel da Conceição,16342980551,89849103
47180547751804,Davi Caldeira,52136748955,63796505
14335717099621,Aurora Viana,85496201306,61589419
66608788193050,Cauã Caldeira,61597324809,55550629
63350133417120,Leonardo Rodrigues,04863127553,23783487
30090476302953,Dra. Maria Cecília Cardoso,84712693096,48042131
89339687615223,Igor Moura,98273150640,64579307
13505379302384,Agatha Pinto,68913705230,92117653
38687516242465,Pedro Lucas Cirino,42698301740,11160051
37226759743576,Liam Pastor,24693701599,10065898
52056975062338,Luísa Moraes,15467083910,00031767
35202397450794,Thiago Fonseca,91372865446,47512925
11418602046729,Daniela Cassiano,35071864975,60884359
96984193858688,Ana Liz Ferreira,01428395660,99508041
52865340027384,Laís Viana,70548612307,09505747
31517778312240,Sr. Theodoro Rodrigues,60493851224,94944332
97173493711020,Sophie Moraes,30861297512,78549544
70500404874281,Ana Liz Ferreira,23418957609,31208342
13927535530301,Stephany Santos,87126943555,63040490
28817039233313,Bianca Leão,04956732180,29295156
84619046909653,Maria Julia Fogaça,69285413773,43098307
94171437558758,Manuella Costa,48562790338,47854535
34556106295694,Sr. Bryan Sampaio,97250168401,79453120
37268217337716,Luiz Fernando da Cunha,31895406757,32602930
98508074272322,Srta. Stella Moura,47351602808,23869134
94413264074363,Alexandre Barbosa,12659374864,03518879
32808941121723,Pedro Miguel Porto,09754126399,55090604
32825139852000,Leandro Machado,27103896496,03220916
37852413712713,Diego da Rocha,53780426153,75241616
48640991446997,Diego Nascimento,30176852417,98400772
69694515871039,Davi Lucas Fonseca,17354098205,42357399
43094292808540,Sr. José Miguel da Costa,52697038400,90153782
16212175363599,Thomas Montenegro,54728906329,10724415
24677914528700,Luísa Fernandes,04271869350,49122022
21084491636640,Rafaela Casa Grande,82095431723,35850323
90883906428151,Levi Guerra,27961048340,93674811
94531624147349,Brenda Nascimento,24650781353,52011086
97632742262573,Augusto Vasconcelos,31728645026,13795067
25356676693876,João Felipe Azevedo,05473168957,46028419
87351903175162,Elisa Costa,51924387050,08707116
27958772946492,Marcela Rodrigues,61307895484,54562496
69620201520698,Heloísa Moraes,04216987567,59577050
65183181058559,Esther Santos,29180347622,24951395
16368870392643,Maitê Porto,85947062194,40753325
87757277577563,Eloá Cavalcanti,64952078329,74647565
70035808299518,Levi Correia,63148729013,93019502
91400117648275,Benício da Luz,25713408671,24888074
37452920234820,Sr. Calebe Araújo,71840369213,19772110
19167713412698,Nicolas Castro,15849736255,18256194
99250764909544,Marina Alves,56284190794,59649653
26732358213373,Alice da Cunha,05834679200,70833539
13163139658681,Sra. Olívia Pacheco,50361297416,91521453
57891715104455,Srta. Ana Beatriz Pastor,85092461730,96121984
32105575052737,Sara Gonçalves,49167038204,74006031
42451797655343,Dr. Pedro Miguel Nogueira,86143972591,87144865
95193769243124,Enrico Aparecida,74901536206,29256148
20014108172474,Srta. Camila Brito,25786491030,87047211
34974001363738,Sra. Luana Campos,87426150976,03050669
28586782548570,Maysa Castro,57132048988,57907051
75078627534363,Pietro da Mata,86924150730,22093601
33219498008452,Thomas Rodrigues,43580196766,38279112
54338009749134,Rhavi Ramos,95037862400,80560821
49102082179809,João Guilherme Araújo,91307246869,51293553
88858618214713,Sra. Raquel Pinto,72093485141,92476916
29779634080799,Paulo Borges,02458769101,36600691
62548374717708,Sra. Lara Rodrigues,97150634206,65701576
95683791588068,Sr. Dom Cavalcanti,12479653846,96404352
70782005955871,Felipe Costa,41896275001,00656969
70566579361697,Carlos Eduardo Camargo,16325879473,94469510
84484934038152,Marcelo da Rocha,85071392640,37821792
20980222425401,Ana Cecília Costa,42860937196,86742610
12097281152368,Ana Cecília Barros,62398754065,64739457
42623616875609,Diego Brito,19236785409,08846786
43338188993958,Paulo Rocha,97630248547,75844129
36054320494147,Noah Macedo,25108467958,97057199
27816807288194,Brayan Borges,15678204335,94983481
41571115812344,Sra. Maria Vitória Pereira,07685941201,63108410
72361685596283,Clara Dias,67493528047,71967315
10068833766138,Dr. Davi Lucca Garcia,02681394589,57681392
18583566972862,Antony Nunes,01968374213,40376827
67260559863691,Enzo Gabriel Aparecida,62487503190,55821496
91591084927381,Calebe Araújo,41207689530,97477213
26222575252900,Luiz Gustavo Farias,39806245792,58005730
35740186425297,Sr. Noah Duarte,69058372456,16042114
49527876122379,Rhavi Fonseca,52961743800,43214167
79719932992935,Valentim Cavalcanti,95832047141,43158003
78325541112167,Sr. Brayan Ribeiro,21380765986,83273699
67207365133984,Rebeca da Luz,46832709196,31936216
97147090818543,Lavínia Marques,23547061970,10050712
11320380655254,Luiz Felipe Sá,68047392565,74992717
41395474221440,Clarice Costa,91643275070,64637517
89857258312025,Luiz Otávio da Luz,31624807950,54395868
28782449025665,Mariana Mendonça,19263508470,67142576
10205496834265,João Miguel Cassiano,01896472567,18965244
23754541802424,Clara Aparecida,96234185746,62940890
11759078846187,Amanda Rodrigues,09612758476,31508826
23587078003899,Renan Almeida,04568321735,94060730
32079846678439,Bruna Barros,38462950198,20768483
21673772819309,Pedro Lucas Porto,57326981400,49328824
50043951472222,Dom Macedo,56209381740,62440542
20088907010486,Ian Barros,16375408920,16059382
89301914499623,Cauê Pacheco,47901823631,13858695
40491857306307,Hellena Rodrigues,54608713280,82515996
91682028775976,Levi Farias,94728653137,98353480
61655701175273,Bella Fonseca,76804931203,55004580
46293584523614,Carlos Eduardo Moreira,35809412670,68186831
72431318294461,Davi Luiz Silveira,49062351824,44646868
22097705951392,Srta. Alice Caldeira,80964321505,20369822
19235374283915,Otávio Mendonça,67593201821,27098494
14917645151030,Matheus da Luz,73420815905,17226489
35811790237216,João Lucas Novaes,21589043642,21150529
98110427518769,Sr. Liam Cavalcanti,02514796849,09589040
51733260891591,Pedro Lucas Pimenta,89412076576,54184209
13011185770291,Srta. Melissa das Neves,70826439187,45073793
26281043527610,Arthur Miguel Souza,46735801920,92958262
98013295919128,Maria Isis Montenegro,18965270359,61936322
25479747421343,Dr. Anthony Gomes,42138650707,79627147
88524726251551,Enrico Câmara,79350248123,39021757
32764854733169,Kamilly Novais,79612508402,85650938
97531761997020,José Miguel Abreu,26745839083,10878336
38316111842517,Sr. Josué Sampaio,03521469824,98792819
97281680907118,Diogo Campos,35798201686,05271118
43442400136407,Esther Rezende,07234168508,24198592
42392000503538,Bárbara Abreu,09167238440,48728857
68861696344463,Bernardo Nogueira,95734168084,17372252
49316280526786,Maitê Camargo,02738415644,63539575
63635401045338,Arthur Fogaça,54837162053,74818973
14434062267875,Raquel das Neves,58921403698,49018309
13525865846521,Dra. Bella Garcia,60189425342,95792364
50332425104672,Julia Araújo,51298034698,07222323
49499157281828,Luiz Gustavo Gomes,95861047294,18545496
89685544311203,Gustavo Vargas,45682370171,64736758
62809132400115,Srta. Isabela Câmara,89632541782,86499528
91001927221156,Kaique da Cruz,87254069300,23967370
18164232911155,Luiz Felipe Moura,64051297802,01231048
47572040459433,Bárbara Alves,61983745219,66591664
35081297213490,André Costa,50142796352,88657330
72547154910441,Vitor Hugo Correia,87160924576,45238537
84088640103449,Pedro Miguel Gonçalves,90418236542,88228603
19329918396768,Maria Sophia Dias,49680327140,16948294
30461685038813,Liz Rocha,49618032787,92187478
69938491069643,Eloá Garcia,19542630743,33226954
46764867585405,Evelyn da Costa,34571086920,84354288
37677419249170,Lívia Silveira,48210976567,51303965
66824794995388,Vinicius Carvalho,58109274676,31155664
99094550695338,Ana Sophia Silveira,72856019420,80337567
43450387297214,Gabriel Fernandes,98157326419,57739932
63453804666597,Asafe Almeida,40792651316,12974788
57017629595754,Dom Cavalcante,97254630800,31251796
92601424129780,João Lucas Sales,10289354714,70764372
18216066939643,Manuela Gomes,73146580217,11828994
51708684441810,Julia das Neves,59076143234,48777372
50592668263068,Evelyn Pimenta,51904762352,22655278
91019143222757,Caleb Almeida,39587246047,33064989
51965198668560,Heloisa Abreu,21357986068,78081407
54699321330753,Nathan da Rosa,65401372906,86699458
92749258201604,Maria Sophia Cavalcante,27398104588,87038590
91573629087106,Sr. Theodoro Aragão,93601758202,07400033
21605430857197,Mariane Costela,75368904193,99266393
23450491266269,Sra. Larissa Aragão,89134265791,57037617
28774268223104,Maria Luiza da Costa,37061259868,66192330
16530503596793,Francisco Leão,46123805924,96072600
23108726938069,Ravy Teixeira,90458623105,88924753
83479621212883,Murilo Nunes,82790431604,25639913
54688258226649,Mateus Castro,04627189303,15950760
42495302117274,Srta. Rafaela Ramos,59712306461,72187162
35673247805111,Srta. Bianca Souza,78320459141,48568831
76538616592312,Ana Cecília Barbosa,87249561049,17652495
50210247526200,Ana Carolina Silveira,08274693140,04325144
53836768891958,Maria Liz da Luz,60274935856,35879573
95947107110003,Rodrigo Gomes,52409138624,25521754
47009501223677,Ravy Cunha,23086947187,58235460
46895705279598,Emanuella Costela,47529081667,72307278
93968205789094,Manuela Ramos,21483960722,88992182
25041807782803,Ana Lívia Sousa,93481250606,27248443
69379454921669,Ana Carolina Câmara,84615793057,26188661
42119683360878,Luiza Mendes,31429057661,22309492
30762466168955,João Felipe Abreu,03854291779,27172214
60703797337736,Vicente da Paz,47629308140,31611357
59762087713576,Dom Santos,61285470362,39933901
65502525109665,Sr. Arthur Cunha,19708263478,76730338
99403435240121,Elisa Cavalcante,62790451370,23427720
66974291955420,Luara Costa,73024198504,37319500
68319729236545,Benjamim Mendes,43791508601,78743670
31830938473955,Cauê Farias,18469237519,29909205
43929035049351,Maria Melo,83249057150,34667791
12071834728532,Pietro Brito,61207483931,24299706
33964476717924,Gael Correia,48396157219,83174472
84179395632189,Liam Silva,32946785092,72494151
91598495327098,Arthur Pereira,27948653074,18969182
75148167847717,João Pedro Silveira,10836925424,95903054
95883453360929,Sr. Rhavi Pinto,78960345229,34417007
73808459078645,Eduardo Duarte,36594107216,50561862
37643496197558,Théo Porto,28504617335,89459435
72510137801531,Maysa Vargas,02891645324,06033095
37518971492291,Bento Melo,15427083626,54640690
58673369532840,Maria Flor Pacheco,24689075158,50677254
13505672787998,Bento Aragão,84065791294,75081382
38012770040260,Marina Carvalho,76328145900,81964504
67608710647737,Nicolas Casa Grande,64089327113,39198539
31521715427514,Sabrina Rios,78935641057,50372126
98749554091042,Léo Caldeira,17246958355,74280937
26472270481818,Dr. Marcelo Dias,02863549189,40922480
31424734274004,Daniela Leão,97840213669,63077342
32133436215713,Helena Sá,85314692015,33197478
27007180128185,Maria Alice Costela,62143758090,25302912
15057099259506,Marcelo Farias,61843527090,12079510
16620221138650,Matheus Cunha,27916843013,75496964
53316570089382,Evelyn Macedo,95072348610,20809124
73641269894345,Raul Pereira,47318690213,06470224
44776775926589,Luiz Otávio Araújo,38406721553,64526577
22715302246409,Dr. Samuel Borges,41902753607,85071854
62552676935962,Catarina Gomes,46307285974,39482734
39869086796932,Maria Luísa Cavalcanti,40173586910,26317783
83355525000092,Srta. Maria Clara da Cunha,56829701449,09573356
15933242103746,Dr. Davi Luiz Pinto,97402853179,87534307
40953568543935,Henry Gabriel Campos,78602934122,39375827
16488540568088,Ana Laura Monteiro,59783214004,11343572
92009230187624,Emilly Nunes,07293156499,04070163
70186558384749,Bella Pimenta,93126045898,59425926
60519641610088,Arthur Gabriel Pacheco,54107289397,57581108
48099454151594,Sra. Eduarda Costela,67305914207,40769385
44007328633430,Theo Almeida,65314807939,55012794
61149243325368,Maria Laura Carvalho,87356149001,80702095
26394552423546,Ana Luiza Camargo,03245167890,82228300
57812032106803,Henry Andrade,70315649801,60805029
37299957061706,Antonella Rios,09648152730,14201786
72891003266302,Valentim Camargo,56428093189,72686879
50442846786399,Milena Mendes,14506238753,27950684
25096509545743,Vicente Macedo,16058742307,85605823
57406752441909,Théo Viana,37841062508,19158979
12829413201408,Allana Nogueira,63218745900,31506901
44659087504167,Sr. Vitor Hugo da Mota,92074156820,70517036
38237587071419,Caio Brito,10534796893,74474611
69417110095220,Sr. Danilo Novaes,61098475348,81634397
45521257014958,Cauê Monteiro,05162847380,76550836
98443854703677,João Felipe da Cunha,31087549639,54080183
97943676133653,Giovanna Oliveira,69453287164,00948401
48301372726244,Gabriel Guerra,94825731023,16698864
27793955857892,Luiz Otávio Barros,26741893040,98054589
23934582447825,Davi Miguel Garcia,86724093538,99703757
32312385521187,Pedro Nunes,04815972397,81062794
70702087947479,Ana Júlia Andrade,06834975292,31897373
93245437112685,Vitor Gabriel Mendonça,23860947150,17814883
37239784220270,Sr. José Pedro Casa Grande,72463915099,46720673
74981595101102,Fernando Porto,87342169013,31126219
20742333734123,Ana Julia Moreira,35762941043,72331521
13286136205076,Clara Nunes,23610875968,25663722
21395289734602,Srta. Lunna Barbosa,81673904548,24397344
48867320304476,Laís Gonçalves,79135428619,46073819
21235756102986,Gael Henrique Cirino,46129357052,16212446
88021640870590,Dr. Carlos Eduardo Moura,52164709802,11942672
47606420657353,Lucca Viana,97148520649,66261433
73430553940309,Yuri Rodrigues,31982057432,15806353
32839366973456,Agatha Siqueira,62489753029,29635456
65323811728780,Anthony Gabriel Pimenta,02593147814,82474577
75913784636761,Antony Gomes,63125489709,72810245
44630326147105,Luigi Fernandes,23079861540,45071535
54582932829252,Evelyn Castro,89731046593,01271401
44472922327582,Daniel Marques,53841926746,64619759
79647839102064,Isabella Sousa,87652139473,65388447
34466179451249,Pedro Miguel da Mata,96248075310,43518167
13105773035780,Ana Sophia Silva,47028563910,32725213
69978591490513,Mariane Sousa,87531642964,91504963
73218448047398,Dr. Anthony Gabriel Novais,58403267983,85682035
18662036953054,Sr. Luiz Henrique da Rosa,03618274904,90794222
10793978316801,Kevin Carvalho,41862075930,85214716
87935103705882,Gabriela Pimenta,46813975048,84112630
62609973958694,Luiz Henrique Almeida,71325648973,13018803
24560202072297,Sra. Brenda Mendes,95206741876,82787863
99984827671064,Lívia Cassiano,78906314566,19114782
48796484581160,Caio Martins,43810629570,05820655
90336005213628,Ísis Pimenta,60825349729,28054748
48080759395834,Mariane Lima,18490276331,79867158
34631831622829,Stella Barbosa,94368705157,16444766
90004617512072,Aylla Alves,52784190676,01112877
72191961824854,Ágatha Albuquerque,52089716401,51889976
72350678620192,Nicole da Conceição,35817640910,33109901
46652330467544,Kamilly Pereira,07512693443,77307617
49778475918036,Heloisa Silveira,34089715601,31598666
21414845729680,Elisa Rios,73142659846,45268337
61420644173822,Luísa Ferreira,23496851791,45416237
87194173006800,Léo Barros,73981205405,86856087
44945570461047,Yago Pinto,67384259100,58292518
89260999269205,Nicole Moura,15264807949,44027070
11261926509977,Luiz Felipe Oliveira,24385976155,13007609
94336599354399,Luiz Henrique Pinto,85376092429,77182908
41846228892387,Luiz Gustavo Azevedo,75298631002,68964075
33148365473306,Nina Vargas,24061985370,55557452
33846501068950,Larissa Costa,28054691351,66838159
74317381253059,Srta. Bella Borges,19234780523,43027617
88031520015724,João Guilherme Pinto,28509736103,58005714
73871039390900,Ana Júlia Cunha,15732649891,36504790
67864675832636,Olivia Alves,40538267135,97656736
33576662909941,Yasmin Carvalho,16723098404,32016584
79722247229286,Heloísa Pinto,94135702805,36670423
84131627019820,Luan Lima,59812764011,23128221
26972222880370,Cecília Lima,05273189497,25414081
29996791696899,Dr. Bruno Costa,92173680404,45456498
48319094430623,Ana Correia,32604815915,85050594
25573714427603,Arthur Silva,93681502730,33446392
97622794218100,Cecília Moraes,10629437599,36030786
19968324813979,Pedro Miguel Guerra,54283670910,85078869
26673120592013,Marcelo Almeida,56943871200,77185092
92500843606492,Heloísa Nascimento,67905134261,76788276
42406681269554,Yago da Cunha,25069873121,81248622
76974081502401,Dra. Hellena Cunha,36905428124,46176438
37101499932501,Guilherme Nogueira,93807426140,43213528
66934689607814,Srta. Brenda Siqueira,26045973143,29892930
27656101669032,Gabrielly Rocha,64521897002,32627794
19988160397886,Matteo Melo,95432168782,42696939
16176349353748,Beatriz Aparecida,17890245602,50462941
75870461657882,Ana Laura Machado,43158679000,83987024
37759984275392,Ana Clara Aparecida,18206395768,85135929
59334445502448,Léo Freitas,57891420360,32637448
88292333998167,Davi Lucca Montenegro,56302847117,96921751
77557157240174,Dra. Caroline Gonçalves,40987123505,41639871
97441258988659,Paulo Cavalcanti,35078462171,72165422
69574328409040,Marcelo Pacheco,59018436224,79830741
41894775686591,Melissa Barros,26708519402,17575109
96808411864688,Hadassa Martins,69204137525,93175706
51518702020939,Breno da Luz,43219765025,93265306
52832925771404,João Lucas Cassiano,25736098121,66960402
46473536872370,Caleb Moraes,90743621506,34931579
55299004087456,Liz das Neves,21890463787,53781528
81101525856548,Bento Andrade,46193728546,96003771
36896455031729,João Pedro Santos,38049527123,96073773
18231198648657,Luna Andrade,24316890506,59479559
82448154394411,Davi Lucas Pacheco,12736840526,75356877
28297364872665,Ana Júlia Alves,12705983414,66790131
64935484215476,Ana Cecília Pinto,62831709431,79421373
80350227755959,Isabel Ramos,25301967452,01405294
20983116246289,Beatriz Abreu,17302648590,80860000
90062443393762,Cecília Rezende,30192647580,06579689
41881654947859,Heloísa Moura,26384957191,00296742
36945682533411,Maria Clara Sousa,86345912042,48148743
20353994033196,Srta. Heloisa Duarte,47508162994,46655727
17589239210928,Vinicius Moreira,25879103668,30150965
57738381953592,Fernanda das Neves,56831249728,94008263
38193178634580,Gael Azevedo,90132784505,09713285
12909568796174,Sr. Isaque da Paz,60128795395,55795419
98135268511733,Alana da Rocha,06193875484,92168360
21551736211625,Srta. Ana Liz Albuquerque,14958672001,06441461
61300957856836,Dra. Milena Araújo,23150498732,02567562
87150252800190,Maria Peixoto,02875914685,67842696
26592594841565,Maitê Ferreira,16920758458,31966512
53345789126943,Gael Henrique Monteiro,61504982398,90043173
50935069291054,Ana Liz Vargas,57420691894,60738481
40155345153271,Sr. Davi Lucas Ferreira,37518962446,71302673
18507818863943,Luiz Otávio Carvalho,10985432705,34375797
84166093707835,Isabela Melo,72680593456,70988262
47947470136888,Davi Miguel Cardoso,63071498250,51736252
75659095279579,Luiza Sá,42306857180,99072113
23694138505099,Giovanna Jesus,85304721608,41643350
21027094278346,Kaique Moreira,79410638593,03075286
16575649223525,Rhavi Monteiro,74182069331,19943914
26094327708601,Gustavo Ferreira,25486793146,12032809
19366785051281,Maya Porto,61805324942,13397249
80394253170231,Luara da Rosa,65273981077,12347575
40466469131692,Sr. Pietro Porto,50618723471,66049080
30811919377576,Elisa Peixoto,70415298350,91590155
99774744659579,Gustavo Henrique da Mota,26813957473,66355432
29838149119858,Mateus Sampaio,84512793097,65996691
67197965722224,Emanuella Gomes,61809257395,68537250
77468374092868,Ravi Rezende,89610752330,74824409
68694350062861,Manuella Cavalcanti,70835621995,22918743
30352639683570,Oliver Porto,42093657856,78569860
93652422692187,Dra. Ana Liz Vieira,91307624804,37621248
62198570703386,Jade Ramos,54821367017,55937530
88449039912108,Srta. Camila Rodrigues,68902375102,75302668
64298945578628,Letícia Alves,84209573647,66954935
74568051189434,Ana Moreira,10542793814,01573158
89269689298547,João Pedro Brito,05634271916,14108804
35257067445187,João Gabriel da Cruz,06174839575,95301563
70307413053855,Liam Leão,89102376512,40563538
56510065900945,Srta. Luana Rocha,82305946198,38847116
53332235574204,Dom Mendonça,94678235000,01987610
50526422999122,Sr. Davi Luiz Melo,49830612740,39745518
61642007615798,Sr. Yago Marques,67082451911,78458263
47442675480418,Yasmin Machado,84391562782,11323151
64941453412286,Nathan Carvalho,92785643038,65852998
63741286669706,Matteo Fernandes,67315490299,79315293
14759758721039,Caleb Montenegro,27341856955,52398049
12316929052424,Dr. Luiz Henrique Novaes,74256890300,55565259
35945786882032,Dra. Maria Clara Garcia,23704189588,68298443
87718146954321,Ísis Barbosa,70214983650,98292673
80615141419658,Agatha Viana,52741809305,31757964
45764506913232,João Pedro Silveira,97062431869,83248980
67788970695078,Valentim Ramos,86295140351,32714131
56845930997085,Maria Clara Souza,42183057904,79761059
37033279169374,Sr. Vicente Silveira,78602154380,57626167
63917363256341,Diogo Montenegro,58931274637,73189997
40587531978424,Antony Sousa,70182695476,51530217
91842910744215,Dante Rios,85721943637,65777486
32699152155091,Dra. Julia Sales,73421086931,76519893
28052249392483,Lara Rodrigues,84761902396,80581934
66375901319916,Maria Sophia da Cunha,24783109532,01872253
10575571860915,Ana Liz Macedo,13260794840,18274137
61995842713976,Sra. Pietra Barros,67458291001,16957792
34801392616950,Bento Correia,16047952399,82368717
93759369267521,Luiza Novaes,73501469225,77693507
89447019332910,Liam Mendes,74891205350,71738184
20261141469559,Juan da Mota,82169430598,61961166
74854687940020,Isadora Sousa,73904512897,69661068
79927681837480,Otávio Fernandes,93712568428,07873058
19175434360115,Breno Moraes,04253786910,66880963
67571644663021,Jade Novais,98543607175,18508409
60034512476592,Lunna da Paz,36548912098,18801797
14377771798822,Letícia Cardoso,38157694000,39642830
27968678785219,João Lucas Brito,39617208431,98018592
40568503803271,Igor Câmara,68579421020,04321002
25448766926624,Vitor Gabriel Silveira,83154962719,88701631
29421438981159,Yuri Oliveira,39487165282,48642681
60082467376205,Ana Sophia Cunha,73910825460,83603010
85292949348285,Allana Campos,42618907396,81838061
89158629938480,Ravi Lucca da Costa,34682519042,01314692
13518585444221,Cecilia Andrade,06239514799,80678374
30685575905593,Marcelo Pereira,04618235942,47301101
30807603796946,Giovanna Nogueira,89015432651,57774147
48309867783521,Dra. Bruna Alves,71854096249,72791535
42436298317503,Srta. Kamilly Ferreira,84503716271,68390822
22888654748823,Dra. Clarice Silva,02915847304,01559300
67911631855520,Cauê da Costa,58960473120,15874063
96858226037107,Bruno Silva,94132068560,17504399
67474783778209,Maya Azevedo,57930841260,11301856
95159493022285,Sra. Maria Eduarda Jesus,53849076148,30967507
74187982541555,Gabriela Guerra,06928537400,08944716
86592707559286,Mathias das Neves,69017584300,29431051
41996567217220,Vitória Nunes,73650214890,31552132
26116273603054,Maria Leão,92351847628,08395055
73511657408430,Benjamin Fogaça,67049531839,62814673
33605287551664,Pietra Aparecida,64570819320,02400533
91190010867674,Ravi Albuquerque,02681457335,60474183
30254555618523,Noah Machado,69518047375,78460107
56860461519865,Benício Jesus,54102679316,54927998
40706806737242,Henry Cavalcante,43271980560,05307562
17636107958391,Nicole Borges,54128937673,07679291
80607779093080,Agatha Martins,26798140378,12239768
91539214731255,Júlia Ramos,96480532783,08658198
63995179192152,Lara Borges,15986437039,04863595
67707666827302,Maria Julia Rios,52804376117,93359607
80783146411046,Srta. Lavínia Monteiro,74102653880,43579069
38078054542028,Emanuel Monteiro,52471968058,63392856
34867678714719,Sofia Cavalcanti,37401926580,48693601
93569190820390,Bento da Cunha,12938745664,27579336
59634558396632,Luiz Felipe Farias,35249716016,28860714
30493709847981,João Vitor Casa Grande,75926304199,61882271
49648165756055,Emanuel Dias,84071253690,83487468
92098992572440,Marcos Vinicius Novais,13825476090,43181856
13908476315054,Ana Clara Machado,38469510215,43861352
62762804942512,Antony Caldeira,87412059360,81352633
11222404434959,Otto da Luz,43619827087,64526979
77343183144741,Sarah Vargas,31084956748,93951381
65936130765948,Sra. Catarina da Cruz,04172538690,53285913
29148583303927,Ana Beatriz Macedo,95143860784,07799219
56224903567692,Dr. Benicio Viana,21409675343,78726035
84963897288829,Ayla Costela,78935240141,06706915
47053919339351,Srta. Elisa Pereira,35214690851,81615353
31013928194788,Beatriz Sales,12985640776,81666418
84910812139862,Rhavi Azevedo,56832197012,17523299
65941815510693,Mariah Caldeira,81406527335,65524897
65270129780059,Josué Brito,63815702968,13253925
40188175508797,Maria Helena Carvalho,32809157677,31730346
35582608824134,Liam da Cunha,69385207474,13978463
24227089926181,Dr. Luiz Otávio Sales,89705641285,54463589
88960766568675,João Gabriel Sousa,41732689555,75065944
59104426679838,Otávio Monteiro,83724069529,84656753
57335650330971,Igor Guerra,30149586205,08931788
10038925909823,Alexandre Pereira,94135678084,29800504
22549774520556,Davi Lucas Lima,60598142398,31967017
57405672120485,Luna da Rocha,56249107894,20054319
96215286015080,Raul Barros,81430726571,48436202
75011029075677,Dr. Liam Fonseca,27843069500,80164967
93723265778137,João Guilherme Leão,03274895105,19383122
25303707192474,Luiz Felipe da Rosa,18632574035,30820076
44416894137940,Pietro Viana,61537024906,38067244
15867344863882,Marina das Neves,40628319533,77844232
58572184166865,Noah Borges,60917423887,57846064
11450462639386,Maria Sophia Sampaio,26710359425,98593955
73353525078221,Davi Miguel Pinto,76038142517,05080881
49424566146056,Lunna da Conceição,64205879300,74702964
35322122496754,Sr. Davi Sousa,98026731450,49013632
77009822609563,Lorena Aparecida,92685304738,41832790
33540300661444,Nicolas Viana,67954103234,46708853
85083435567200,Otto Azevedo,65870241901,25959957
87619084706150,Ana Beatriz Cassiano,89310765259,02923753
15000570879111,Allana Aragão,36298107568,67540519
36088377230380,Arthur Moraes,27684051326,31511533
65709820385994,Marcela Aragão,05648973292,78143342
49592547989617,Mathias Melo,81760294594,98932910
77277391558653,Fernanda Ribeiro,15402697876,28174206
14235286162437,Helena Pereira,75234861937,39456632
94442325263022,Giovanna Vargas,09356714800,36885248
73450716339948,Henry Gabriel Rocha,82605791467,87296477
81968349184498,Henry Pastor,06254139898,07853020
37836350630055,Sabrina da Mata,48926315070,45326277
30601399049898,Anna Liz Melo,73016952840,53455776
10296041024826,Dr. Theo Abreu,94851673000,34432712
48531836658320,Srta. Milena Sales,40653287135,69691214
25693214730294,Henry Gabriel Moreira,13052487914,40198082
41292047097566,Gael Castro,57469083120,14101421
99203188704940,Dr. Benicio Cassiano,06531497866,45242073
75923506129939,Antônio Novais,76295081312,64057384
26676409327941,Dr. Asafe Leão,96783451291,29729174
34654291095942,Maria Ferreira,72561089312,72758909
55328473828334,Lucas Gabriel Sampaio,78036154900,18798344
57015205441469,Danilo Jesus,04286157326,96971829
67560918419419,Arthur Miguel Porto,61420387987,40693986
14737164899641,Luiz Miguel Cardoso,93814506251,82363548
28094104167162,Maria Luiza Martins,49031527661,63010128
77264915675113,Lara Cavalcanti,34256918728,98933930
63862996990485,Dante Oliveira,34209175897,53998900
28736152131935,Allana da Cunha,71392648564,53305273
45153650863735,Sra. Anna Liz Barbosa,59861304215,80689935
20197927748394,Enrico Marques,23041956870,43636114
42092426124140,Leandro Pastor,04698725356,90359880
92562183124472,Luiz Felipe Brito,35647109225,08138363
10913196735448,Emanuella Rezende,97240183696,18358243
46045766316279,Isis Mendes,94263170822,30592579
41302604519503,Lavínia Martins,08573612959,68733944
35826830143127,Mathias Viana,38590126730,33839023
32055284253401,Erick Pastor,08327964500,56047461
35227024476061,Ester Sales,54890627383,20002054
24224126181451,Larissa Carvalho,79816543273,66221931
16050946577554,Paulo Mendonça,69483052106,43556290
25537795922123,Enzo Gabriel Campos,81654237035,69991847
34260986838096,Manuela Santos,42867139546,22186783
39357606515091,Bella Guerra,58204736126,59133818
43537338889907,Olívia Carvalho,30971568448,46022990
85588168513266,Isabelly Pimenta,39571864200,22648923
80423698733790,João Miguel Cavalcante,38940617231,76370418
84913961076200,Maria Luiza Novaes,14235960725,86006899
97877920506784,Ryan Silva,28734610553,23943337
52701202506421,Ana Luiza da Luz,89317265464,84806823
29948930827655,Sabrina Gonçalves,31697084575,79288526
78930005160068,Thiago Cirino,01973648539,40676312
82514272247337,Laís da Paz,81095327640,89678622
32004073166478,Rafaela Sá,43120567817,87974109
76992899552742,Sr. Lucas Gabriel das Neves,27169480549,06524165
17323591521251,Sabrina Vasconcelos,97138542097,46333891
71280875813962,Asafe Ribeiro,30178254690,14387112
27677110391230,Isabela Jesus,95042163743,21616839
62662429995669,Kevin da Cunha,09854127630,41519774
88315101304064,Pedro Henrique Montenegro,08127643904,23687316
28826307236204,Rebeca Freitas,65302894106,61803996
76794116614469,Sr. Davi Luiz Oliveira,71305984250,75342597
77939829242469,Leonardo da Conceição,60819357286,43534351
11900954411116,Daniel Rios,19876304593,68324280
15882705861360,Sophia Almeida,64521097820,99369516
38281260332296,Sr. Cauã Viana,17038429604,46106941
78423424971057,Matheus da Paz,46391785228,76177878
15619242210372,Lívia Rezende,95832410670,64216398
58167464973202,Ayla Rezende,76295043810,92070905
17830488239095,Juliana Rodrigues,32905871423,29269357
92741462256199,Maria Eduarda Pimenta,40326795847,87709204
20357889495727,Vinicius Santos,56479028120,23975326
36671814694041,Anthony Gabriel da Mata,46310597884,32499847
18947904170486,Alícia Silva,28645971011,33377729
72992696060023,Enrico Almeida,17609358401,88524386
82265333836988,Samuel da Cruz,68259107368,06146919
42364210913975,Yasmin das Neves,15094678310,19580569
15552726114398,Dr. Josué Caldeira,24065387965,13082719
62500509606825,Davi Nogueira,68734102922,24794650
26913779642877,Isaac da Mota,37429860583,73124680
34541313267231,Maitê Machado,08254931704,02784747
85098125291454,Sr. Vitor Gabriel Alves,35261784026,25003641
79655355785221,Ana Beatriz Mendes,98261504360,90722682
57135856997595,Ana Carolina Sales,81936074575,38400224
28077204245749,Luiza Carvalho,24308917603,93745055
87117150287407,Enzo Cavalcanti,27310586921,54045841
40666785395922,Bryan Ramos,47982106331,92814140
63003003976260,Davi Miguel Costela,45269018306,92466595
43815424450431,Ana Beatriz Andrade,84056379238,78952665
58785050561915,José Pedro Viana,32489157060,20366699
77689609971214,Maya Andrade,73124895673,02336584
28030183145375,Benjamin Pastor,79032465856,65314981
84991828612666,Vicente Fogaça,59638174200,91533902
80039682345223,Sra. Emanuella Abreu,30154789232,59712487
61022755815169,Emanuel Siqueira,80176354271,11724122
55912072599867,Emilly Gonçalves,06734958256,72499647
57854236990767,Melina Rocha,28064917549,28176191
42362449087827,Ana Liz Lopes,90634521799,88462606
27878545647859,João Gabriel Brito,71630982431,42573565
86971234210795,Dante Cardoso,04867935247,18728631
18945990302568,Vitor Rezende,51408796201,92263975
59842714561410,Isaac Araújo,24756983065,65662599
48889155538859,João Vitor da Rosa,56741089357,07139406
24917567955841,Sarah Rodrigues,72906351830,57028057
90357692207598,Alexandre Andrade,21650734999,24269272
40237909775392,Luiz Henrique da Cruz,29085347629,55792048
51816628620935,Natália Gonçalves,65349207199,05665334
57041259407794,Nina Vieira,23750941823,42745420
90981719126758,Lucas Sá,69520734180,70682954
47690595999725,Sofia Borges,34769180500,59669066
56656944227591,Ana Júlia Casa Grande,70254391699,82321614
60037681292003,Maria Fonseca,04269371803,83159453
47048179385620,Davi Miguel Casa Grande,53082674135,04967387
44696689950305,Ana Cecília Aragão,85192076420,70974444
80356888465030,Daniel Cardoso,34208967510,66676089
24778918503338,Mariane Siqueira,69780425365,87847371
65134090249059,Maria Júlia Azevedo,50419682767,15352655
34846985027494,Manuella Borges,31982460750,47529806
77156715466529,Ana Júlia Souza,60524398747,92919088
44685609272881,Luiz Henrique Moreira,63812450771,60563953
54317552472939,Enzo Andrade,15907326425,41330320
79889575531643,Ana Luiza Marques,72893501460,67309650
99330279470368,Diogo Peixoto,12943705888,29958219
52683331493370,Nicolas da Paz,86509712377,14454494
79854731019946,Luiz Miguel Marques,84061325906,62454122
49454347468345,Cauê Carvalho,53920618424,73421064
12630731172624,Sr. Ravi Lucca Pacheco,01382657471,76655841
27235839751310,Alícia da Cruz,51924837609,92725898
65026703552381,Lucas Gabriel Monteiro,06491372804,08678271
97667543980063,Enzo Gabriel Porto,64951270811,11165300
63519014323881,Liam Albuquerque,35817294079,18429129
36708993855297,Cauê Santos,01739825497,98321718
39140674103006,Luiz Gustavo Fonseca,47316852062,37527287
66509142380914,Anthony Andrade,49608521351,52572240
78175643014964,Ian Machado,80316794520,59094512
72836742578953,Vitória Correia,58172306903,25103412
95902755339023,Ana Sophia Rocha,86192504342,88329424
54737768264981,Ian Correia,62471390552,63693461
43991240410810,Bernardo Brito,58147396228,14967908
94855768204630,Srta. Isabela Macedo,71098436296,27633695
97883023240169,Lívia Montenegro,58602179359,23796791
39450372436113,Rodrigo Farias,79460821340,96294025
41651127391951,Dr. Thales Garcia,46198237591,26394477
31887512013453,Oliver Ribeiro,69203851470,51696577
13761628800101,Yago Aragão,82953701621,34665375
67657314946510,Ana Laura Pinto,39640712850,93129161
65551897142754,Theo da Mota,38074912523,85634739
89229199094051,Augusto Cassiano,95017843205,50001777
26350183489605,Marcelo Lima,48962531089,75569818
48161700793081,Otávio Aparecida,75243819646,14848029
79051106629530,Vitor Gabriel Montenegro,36549817200,73379692
30205503905757,Dr. Antony Vieira,50734821662,19207426
91589913525942,Sofia Teixeira,89201573405,86707725
43227817040974,Arthur Gabriel da Conceição,97026835130,13613589
55439525114090,Sra. Júlia Machado,20498561305,92401751
90957244521794,Ana Sophia Caldeira,57301942850,38661041
83652788140134,Henrique da Costa,78562043974,13375107
47883500124121,Caio Fernandes,24793560199,40422199
43398799211462,Dante Pacheco,17609258377,89086990
78744891882613,Heloisa Jesus,23894015705,77531687
30190413916241,Ana Ribeiro,56278341026,85259024
29386099758245,Sra. Pietra Ramos,91053728603,24806603
33489909622276,Enzo Castro,07463518957,63440219
12085199679737,Marcelo Sá,49310257814,50993927
31323486213703,Thales Sousa,25137964891,66918165
41028934893330,Raul Rodrigues,10852769458,54662684
14606009119898,Calebe Rodrigues,15639702443,78069554
74325826287752,Sara Santos,60273854135,88583083
53415134760657,Evelyn Fogaça,53928640151,41167286
69929379482423,Lucca Porto,60871432544,75822165
52673103951451,Sr. Matteo Mendes,43026975800,51539861
21478660668792,Fernanda Nascimento,20817563903,71943155
14783388373995,Isabelly Cavalcante,05123976434,44991557
11241561588201,Luiz Felipe Castro,42813567035,06521290
90374628689586,João Felipe Alves,75846921337,95323967
35769315343459,Manuella Jesus,32867104904,25068317
48441788096477,Sabrina Rezende,97804361203,63596803
64291809865694,Lavínia Almeida,59768031484,60964944
61995691406329,Sr. Danilo Alves,02185749323,72628721
13657991939943,Julia da Cruz,32149658089,15524755
64311220424171,Enzo Andrade,58432170941,04700245
68345758506834,Ayla Cirino,79103268586,66430537
44392810593322,Sr. Théo Novais,98704213505,59240344
11388755322589,Davi Luiz Fogaça,72865341062,08153592
21100510860307,Sr. Antônio Peixoto,75263914016,98938541
43806689280763,Dra. Maria Julia Sales,35601748993,90150085
38444324177796,Dra. Alexia Oliveira,03475261952,88164701
75036320626457,João Gabriel da Luz,76530418253,22206148
76716015589833,Maya da Luz,82160437590,95049381
10947425849117,Evelyn Fogaça,34082561790,91208987
32654219384829,Pedro Henrique Nogueira,89703415601,34361492
59999237032139,Isis Cunha,67481523053,92483855
34615247451550,Sr. Luiz Gustavo Gonçalves,74968213573,48973697
37981183892477,Antonella Montenegro,05873429197,96688084
72589077393084,Stephany Moreira,14328905651,69310466
35558944731786,Esther Sá,92473650152,92101345
63012706614197,João Barbosa,17648293013,21319107
79639441796409,Srta. Alexia da Cruz,61028937512,85571527
85323215028396,Caroline Costela,10389425788,15528825
29451539699345,Maria Liz Castro,23189045704,36949330
88093991264028,Sr. Yan das Neves,89034261778,18630765
73208889326660,Benício Pinto,16435780900,00256912
89838677358249,Luan Fernandes,25681097340,39059258
71231351203065,Yuri Silva,48279160396,74100551
97319659122054,João Vitor Garcia,59634217800,97621266
54227699779949,Daniel Casa Grande,16879403557,54733300
74510699029406,Dr. Yago da Luz,79360428140,86307506
60307973655400,Sr. Davi Miguel Siqueira,92108573488,06328361
24456924323850,Dra. Isabel Ribeiro,64705812930,07890626
10644834271671,Nina Pastor,21638509786,47169409
40431496580811,Maria Helena Vasconcelos,43256709125,25395546
27672969349157,Paulo Aparecida,73591684066,60120911
81880685513575,Gabriela Lopes,58096413260,29105053
41303044117996,Dom Casa Grande,54032697116,48956353
56141592271095,Ísis da Cunha,70685392112,71873536
39166844097953,Nicolas Pastor,70325184941,89440731
24494979504140,Sr. Ravi Lucca Melo,68509134766,38095560
28853007840953,Ravi Albuquerque,08273491579,54898879
23865736143248,Ayla da Mata,59276804374,61458641
87572107213956,Dr. Ryan da Mota,18259473682,36007685
45981195251917,Luiz Otávio da Rocha,20378465171,42208478
85524191031682,Srta. Lorena Teixeira,49863571075,62689454
66818713723125,Ana Sophia Souza,30812564960,74487735
70229001582896,Dr. Ravy Borges,16428539764,33669548
25407209812326,Sr. Heitor Porto,64781035957,37797346
48171024825584,Ana Sophia Leão,91230468722,61575008
11876008614887,Davi Brito,13629785409,56861512
19633227263886,Lucas Gabriel da Rocha,05817346290,37708734
43855921533503,Davi Miguel da Mata,59820641306,41782261
13614060216660,Vitor Hugo Lopes,39762051840,26465903
89307030086105,José Cardoso,41076298303,65536138
79757419361854,Samuel Novais,32095864700,37256916
44764454444442,Srta. Camila Mendonça,23596871077,62184933
72138493324308,Gabrielly da Cruz,58710493204,20587177
26239936447976,Luiz Otávio Brito,86927014594,88147347
92837637522978,Sr. Luan Andrade,76102834526,84967190
94750286440286,Sophia Silveira,94380526747,38115815
22593829013787,Vicente da Cunha,35047918610,76302720
57755985307853,Marcos Vinicius Costa,48179530639,71926849
12612728840859,Aurora Oliveira,13947826591,67118037
51865349036854,Bella Garcia,98072453629,73477183
85282633445193,Maria Cecília Castro,90473862565,19006165
54832653260531,Sra. Marcela Macedo,38761904287,65843240
55596275700903,Carolina Rezende,72861409304,67448054
89592615667295,Igor Duarte,35897160295,07798830
32774896999731,Augusto Pinto,58916023424,18879398
23313171811139,Dr. Enrico Moreira,67248105317,62215740
91994073276586,Ana Cunha,49517308639,32138567
95965197103013,Samuel Araújo,47018692520,76235902
74965609905547,Sr. Gabriel Cirino,97051643800,82104420
40602477436154,Maria Luísa Rodrigues,35267409170,22359511
36072505198671,Anna Liz Cirino,37026841580,73019930
73865426003976,Rafael Silveira,52691037452,40289227
81823460742464,Sra. Mirella Pereira,54286309738,35367335
20135153310938,Dr. Otto Sales,35278146982,25980314
68339062306576,Davi Vieira,62470319803,01050151
93370152908499,Larissa Azevedo,70139654801,27095847
85812730450345,Anthony Brito,47609518220,52640283
68840142326272,Yasmin Casa Grande,87163094566,64955013
96536474385022,Sr. Luiz Felipe Caldeira,38204576153,68629821
32122089125007,Dr. Luiz Fernando Alves,87510693420,02739716
55447645175557,Sabrina Ramos,20914567802,67398591
40655068838898,Laura Peixoto,32049186703,62330721
38423677210809,Murilo da Rosa,28630975121,77363689
87712788879007,João Lucas Carvalho,81935407600,02850623
75981840808817,Caio Porto,28975416364,05406517
61332209074196,Ana Sophia Lopes,26487513946,85000195
45625971513963,Cauê Barros,30258974141,44470610
48093914784498,Gustavo Henrique Pinto,61783540966,44243330
40932757371343,Lunna Carvalho,39426108505,32755090
73393968316185,Leonardo da Paz,56740219885,95685065
20235874134747,Ana Clara Fonseca,94780163501,81598743
20223433950602,Kevin Oliveira,34059278114,35673672
72797815086347,Maria Clara Ferreira,48209153714,52596872
61672365189759,Henry Gabriel Novais,41892576309,81977860
63871359829271,Antonella Viana,60487519230,37463690
77457615530620,Sra. Manuella Gonçalves,45602913734,12187427
27438882948653,Maria Luiza Sampaio,90358621712,74572160
21167985617822,Anthony Silva,82067495356,03619103
55942438129810,Benjamim Aragão,39648102589,14219052
25823129452275,Dr. Gustavo Henrique Ramos,81429375655,79799744
73382049083692,Luiz Felipe Moreira,81054673993,42642690
47290645754220,Ana Vitória Vargas,18045962305,66478050
95882401227113,Allana Jesus,29748603547,07948317
25091514947826,Sr. Rael Rios,03692184506,17289915
25188811520357,Dante Câmara,18579264391,66222335
65466122318492,Elisa da Costa,71985602377,31131052
68127922830333,Otto Costa,94132587088,30023898
36131174322549,Leandro Almeida,68702549158,03284802
94484121857682,Luiz Gustavo Pimenta,34560981701,09812302
27323543286502,Emanuel da Paz,27913640561,24472253
58742705364344,Enzo Leão,53147280950,68413187
66434848589058,Esther Correia,98457361228,30498043
44291970217411,Dr. Theo Sampaio,80674539265,42546263
24045719553807,Ana Lívia da Paz,98234506765,50005866
69390823589441,Sra. Lorena Casa Grande,19752043607,21701751
62358982106433,Isabella Aparecida,26389410778,38262925
32806807732123,Anna Liz Câmara,50973412879,80550274
69627222417415,Dr. Emanuel Andrade,68375901466,04150218
80455000266822,Liam Barros,91237654025,99567159
24237307919118,Calebe Correia,60829147594,21577292
20541129490242,Isaque Silveira,57940683101,81348970
21353226915895,Hellena Porto,98635047184,28918783
46967216495517,Luísa Barros,89037541232,56849405
49549053079426,Felipe Sampaio,50417389639,63236161
29054845763846,Stephany Gomes,03782941640,99284511
82790405416110,Arthur Gabriel Montenegro,31742058914,19793897
92801588129212,Aurora Sampaio,72495130879,20142317
98656746769969,Ana Lívia Mendes,75039814232,83403862
95408782040319,João Pedro Sousa,89361257455,67271557
23912907593264,Isabella Moreira,15382970602,18867502
46155838802517,Brenda Machado,94536120734,00694864
50407851308960,Emanuella Alves,16805973457,97921231
95263442205715,Asafe Lopes,50492163898,25144374
53043107824761,Dr. Nicolas Nunes,69801547375,78765493
91553772563859,Ana Laura Costela,79685342164,32596204
35206644741335,Sra. Ágatha Vieira,84170563948,13647263
94791134390723,Dra. Manuella Marques,56834091793,19317394
97079733476710,Pedro Henrique Albuquerque,17495860294,45962001
87815200669189,Enrico Pires,13629578012,19463092
84075122364000,Davi Lucca Ribeiro,73086925159,55504339
31336632248988,Caroline Fonseca,59310274832,28919825
87585262314833,Augusto das Neves,68579102430,39781093
87604899216809,Srta. Isabel Peixoto,40832751979,35182784
11196062208054,Josué Câmara,97346102525,60079190
17983911031428,Melissa Siqueira,13942086778,07457507
81924969437298,Luiz Henrique Almeida,50238174662,99390312
50866339573860,Augusto Correia,84317069296,64541456
12644475968183,Henry Azevedo,41526908360,79081141
88166151103972,Ana Clara Ferreira,94856173219,52087670
83511190564854,Maria Cecília Vieira,49583672092,31096858
54082843067774,Dr. Cauã Melo,49806371240,49919875
78718387640201,Maria Alice Mendonça,46598701201,19840692
95594075739895,Ana Beatriz Pinto,30175496234,05579825
32098305234936,Esther Peixoto,80426713931,62275244
44597489814656,Erick Leão,09618257312,76953801
17607134939886,Theo Rios,24516390833,06778588
34222373639347,Olívia Lima,43980726169,48052573
65976736855152,Pedro Pinto,58190627449,82114017
70748314324532,Maria Fernanda Carvalho,12574608976,19912513
95424731035174,Liam da Cunha,54237160980,28052028
75748047363830,Dr. Gael Henrique Mendes,87590612359,25285467
82956636606944,Gustavo Mendonça,96517240306,30780318
51313695345450,Maria Laura Gomes,20847951685,14491329
96329508639543,Dr. Juan Borges,41398506206,78462128
53713621722426,Miguel da Rocha,48652903700,81799756
47791488192821,Raul da Cunha,17963204803,83962049
87063852034733,Yan Novais,54013982714,82687902
45795472845414,Maria Eduarda Silva,67810492594,37526484
52346484011821,Felipe Gonçalves,23459760800,83748774
91348526173294,Yago Pimenta,85346790292,61886026
28756162599222,Vitória Vasconcelos,94716385000,37669783
94339912663241,Mariana Rocha,67453012880,32066640
15384823109569,Sra. Sofia Sá,58907634238,53934351
71756900527806,Cauê Câmara,98426173519,31178082
21584532514352,Gael Pires,08357612903,99545009
97959666587654,Ana Laura da Luz,27539861428,34633143
36838876214441,Bruna da Cruz,48735126035,26167443
37817922346996,Luan Montenegro,47206985149,22894841
61684464899889,Sra. Maria Sophia Silva,81542039797,86263550
90625896161794,Maria Luiza Fogaça,69324157043,76634215
41077727403688,Rodrigo Barros,73194268546,07563123
10051292061814,Nicolas Viana,26789135030,48841299
40581460349563,Samuel Sousa,47605291876,64364909
25052087458564,Juan Câmara,89521076402,09276111
99041661325571,Liz Ferreira,18749026313,83704365
10889115570650,Esther Gomes,32518046771,04524676
45224936007651,Isadora Costela,73694520856,91962219
24672234383495,Cecilia Fonseca,63905847175,24438438
75118429483700,Benjamin Araújo,26354087938,39770237
51448457127299,Davi Miguel Machado,30284967122,29059631
33512076064455,João Vitor Sales,68710924396,95463594
89419944427633,Danilo Brito,17420953643,65547183
58975954607612,Isabelly Andrade,25309867112,00841384
15381499643776,Stephany Moura,68215047920,24643887
41263359815826,Srta. Nina Rios,30742698122,45706722
48749948423390,João Guilherme da Luz,74965023161,93939764
47306561866488,Diego Câmara,71250869420,37527780
62678919159022,Vicente Leão,48931076584,42422136
80154195957059,Maria Eduarda Lima,23840569133,08755011
54832461389984,Carlos Eduardo da Rocha,95136840757,56414050
24916558379933,João Vitor Gomes,02893671586,60808657
13230886129869,Srta. Amanda Almeida,73846250929,36514724
57555268097405,Ana Liz da Conceição,83150726417,30239453
86036413759956,Dr. Yuri Pimenta,58974631075,96892359
63543677921610,Rhavi Farias,73180625490,75987386
52193754933499,Ana Clara Viana,19462805342,23049119
13196501730282,Elisa Fogaça,75824019649,65038000
52065502374867,Aurora Ferreira,31462895042,25823474
21148135877295,Bryan Carvalho,58031427941,67867744
31921569970919,Dra. Pietra Pinto,86012957386,24138670
49522147418460,Sra. Isis Sales,43017692850,34426420
25090216748323,Carlos Eduardo Câmara,28734690565,64812752
78586061923265,Cecilia Oliveira,18679405310,09329649
71578805364870,Dra. Maysa Almeida,82769431528,53599147
75417736596276,Lorena Araújo,23879014604,76284854
70465330429273,Lívia Duarte,92504781601,20499896
79120634963157,Sr. Fernando Siqueira,60451973801,10309558
10638373322331,Brenda da Cunha,46952370838,34884005
61274350921535,Vitória Santos,41237950643,28679203
40551431771146,Ísis Jesus,25068174920,68527944
59264374835710,Valentina da Mata,65380219721,93869941
73543398378260,Letícia Ribeiro,25367190499,52877330
34012512025302,Pedro Henrique Rocha,16429085767,15641142
48971779499236,Murilo da Rosa,02531694889,42196979
45980414573947,Dr. Theo Sampaio,91685470300,99837154
85258887984911,Hadassa Moura,31520476817,97570381
17844123755545,Dr. Bernardo Novaes,09738251621,51644382
75765030525925,Ana Cecília Barbosa,69701854357,78918315
68443022228980,Ryan Borges,70632849169,12341576
33003657290141,Camila Correia,65780123462,44986545
55862104852414,Anthony Peixoto,29506473161,80822664
94941978171116,Maya Porto,41672059801,27718017
53973866407241,Heloísa Marques,76298314040,50684180
73805189731221,Antônio Gonçalves,97540268310,13070850
35542989066413,Sr. Mateus da Paz,23908715695,11880883
33132927200674,João Guilherme da Luz,07531829630,35010057
52388995208003,Gael Henrique Ribeiro,67504893110,15239464
62855246446376,Luigi Camargo,97308421597,67780284
31696095411877,Sr. Guilherme Melo,70468391231,89918883
46538805565318,Dr. Otávio Alves,52130768903,06300045
39077270790363,Enrico Vargas,42156793891,34978527
34106582678837,Brayan Gomes,57184632044,53013598
16129805316309,Kaique Pinto,30796152470,09843245
85388442229917,Dr. Davi Miguel Sampaio,39628750186,43665660
91116571489454,Heloísa Nogueira,84296357182,81968128
63701472534758,Elisa Silva,48056213708,19821207
99298571195151,Dr. Luiz Felipe Cassiano,63794251016,19386141
17877740094025,Otto Albuquerque,69412078501,89055816
74387953113430,Joana Costa,64910835270,09604916
57076781293089,Sra. Sarah Garcia,80492365105,89218096
47304579770321,Anthony Gabriel Porto,74935106875,00071428
46042928880596,Carlos Eduardo Costela,91845736273,19556886
58828648930436,Oliver Araújo,25706149399,74041754
36925065978517,Francisco Silveira,93457126828,64480325
75358521186426,Maria Alice Sales,35706294810,78047098
93384681660134,Isabelly Teixeira,45382609160,15862000
73784617192601,Gabriela Camargo,20536849170,64478311
54679295028216,Julia Fogaça,54269031824,49593007
63835716661219,Anthony Nunes,93241685098,21029603
35031276925375,Ana Clara Dias,12405697858,32031581
18562260293702,Helena Pinto,18376402978,86872345
65521810400548,Dra. Ana Beatriz Pereira,62457893119,18302982
90691731463958,Yan Novaes,28107534905,18784948
69279759477189,Carlos Eduardo Ferreira,15892304779,32935129
15856044172965,Dr. Lucas Gabriel da Rosa,56437980184,37628256
61220018265650,Bruna Macedo,26053197416,91262540
97678098079156,Sra. Melina Moraes,96352478182,88506542
36679116577333,Sra. Maria Liz Melo,25064897383,52378914
45784739353319,Sra. Julia da Cruz,68941072549,77428272
34414204094987,Sophia Andrade,91065873484,55387954
51827555090842,Beatriz da Luz,57230498104,90975982
70325765507487,Maysa Teixeira,13462598015,64229760
28695692545512,Leandro Jesus,30842765956,89514881
13285118239449,Juliana Araújo,90673852121,89980131
45312090181384,Ester Novais,52803641933,56933273
53615244242539,Cecilia Caldeira,04157296885,29431065
86883316686438,Ayla Montenegro,31425079814,16026714
93440975281821,Diogo da Cunha,27148650380,91447659
99812108738886,Helena Novais,73609482583,03719652
96397140151273,Camila Alves,10456387900,56434967
21209137799223,Milena Cavalcante,32841695042,32752450
80596549778560,Hadassa Santos,82591604711,28858587
64251374568055,Ana Luiza Teixeira,20961784369,88226425
89983284655845,Valentim Garcia,64125937052,14717254
31093122821766,Agatha Martins,02943817678,33711911
14855490366376,Sofia Ramos,26501934761,77951119
98239899825321,Kaique Aparecida,01628947594,12688825
87490273853307,Josué Ferreira,89312457004,41460830
95699193451547,Sra. Stella Caldeira,15408327671,64882266
20856511971360,Srta. Esther Jesus,15692473070,64073925
10939592584942,Lorenzo da Luz,25891467364,35029940
98596499703590,Luiz Fernando Siqueira,61523894024,58691958
95960056943260,Srta. Isabel da Cunha,56783901203,38806619
87687461119803,Maria Luiza Siqueira,71598426346,30310360
66820205803251,Vitor Gabriel Sampaio,23915786446,86984195
94215641336325,Sr. Noah Azevedo,15974362080,74440355
67818364417230,Daniela Rezende,43689021731,38682550
36089388940365,Natália Rezende,32567409874,71674302
65221960230609,Anna Liz Freitas,23058619740,00273066
62769312606029,Vitor Gabriel Silveira,74521603980,29079781
95308174329582,Noah Abreu,64729031822,58158680
75322679364679,Larissa Cirino,36410792506,45040865
53064970680753,Alice Nascimento,94568120306,86623586
14747438325507,Antônio Fernandes,34670258117,10113570
61068739052593,Sofia Abreu,01695843720,42481334
24582625694336,Bruna da Paz,50823149633,72373106
27857736901409,Raquel Sá,59102746867,24778623
80519168566259,Dr. Leonardo da Conceição,76803419231,25935553
13403133772009,Davi Lucas Albuquerque,96541780366,66240352
76611373177575,Yasmin Nunes,21806735903,82149681
69236952707492,Mirella Rios,70164239561,05853826
13227949341442,Isis Freitas,45938760100,19503762
36046928491706,Bella Gonçalves,36574802180,05755763
66571366518010,Aurora Barros,72180593414,14318408
56500944963315,Pedro Lucas Macedo,26793510886,62825006
90730877352783,Zoe Silveira,87610425958,20050453
81261239171526,Davi Miguel Ramos,51960783475,78484027
61338532225723,Kevin Nascimento,42301956725,68088230
83244880487595,Enrico Lopes,43067159810,25933057
63051653238027,Srta. Lívia Campos,80562491767,92954119
80209967659780,Marcelo Montenegro,03482617996,12954781
64510753029443,Rhavi Vieira,79230845132,09289480
88702023224708,Ana Sophia Correia,73512894682,73213486
90823788029733,Laís Casa Grande,92701386586,16807296
94669508742277,Oliver Araújo,70586249338,22390980
15331342969032,Bianca Cavalcanti,34651027890,87638355
94507151023231,Ester Costa,65981072458,94298392
22840677338288,Vicente Vieira,92476185094,41874327
11013605688166,Dra. Sophia Sales,68430752900,16396493
58885168165788,Cecília Jesus,03467512844,01612287
90132431866589,Eduardo Caldeira,43570168948,05946711
81796839259322,Lucas Gabriel da Cunha,94620153761,29946844
61579823008550,Hellena Moreira,89237051603,58620108
57445863592752,Dr. Luiz Otávio Mendes,01875932640,74202974
23437758320443,Bento Barbosa,37024581905,42596348
79292055186700,Sofia Leão,70943186501,38966243
83241956198514,Pedro Miguel Cirino,95367241891,96858586
73772936711953,Luigi da Mata,42563978092,25765474
34819384634618,Isaque Pacheco,83607921431,93460367
27605075731801,Bruno Brito,84930165784,81433304
49997272507980,Renan Araújo,18526904701,85980660
12667487558270,Sr. Benicio Vieira,79261840558,42541594
17970907137098,Ayla Caldeira,90467521867,29151571
25251469936505,Marina da Costa,07528493600,16916706
43992976845636,Dr. Davi Santos,21803456744,55356712
52206918210018,Dr. Bryan Fernandes,13580972405,38868985
31898098942665,Alexandre Pereira,92153648700,37873522
98713222070473,Maitê da Rosa,15703986400,15790705
90529020556145,Antony da Mata,61348750901,76302022
89939630474515,Murilo Fonseca,75439860193,66102182
29054188765621,Miguel Ramos,65489327065,41566083
30973935151873,Ana Sophia Azevedo,06397412580,75719189
27776221858748,Juliana das Neves,57903814648,63771143
97746907174494,Lucas Alves,25193476864,65782954
66676578405807,Luna Pimenta,93056214734,83324755
30493693399171,Maria Clara Lima,65789304184,60968799
95452230984119,Emanuella da Costa,38740591204,04848385
60685054410108,Sr. Felipe Câmara,21690754885,54004031
63610694532835,Evelyn Pereira,76940328122,39394977
58074073733229,Cecilia Cassiano,04625917867,58858091
90616904733532,Hadassa Araújo,48915627067,88191954
20159216811171,Marcela Guerra,02891364740,17810897
17788217859082,Marina Fogaça,26495138024,56842805
66366330821640,Mirella Aragão,54763280171,35520528
68911020787374,Stephany Silveira,69708432547,33026293
92714636955801,Dr. Vitor Gabriel Pimenta,29865430142,26004961
10861474337049,Pedro Lucas Nogueira,49732586010,31621606
48015926967219,Benjamim Gomes,65089427356,18529018
79780729877400,Apollo Sales,53784096247,45355796
69320173730996,Paulo Albuquerque,48360712590,87519736
40081731385920,Henry Ramos,58792016430,14324522
82542148602841,Maria Sophia Cavalcanti,37126409869,28409060
88334313891673,Ana Luiza Peixoto,85314602717,50462816
92164292841012,Benício Rodrigues,02495367143,02386279
93686689204409,Fernanda Oliveira,39218640542,55054125
14606454446799,Anthony Gabriel Garcia,05386492160,72689063
35448445595136,Sofia da Costa,85270349132,63415395
45316438176359,Dr. Benicio Vargas,14725809314,83173484
70248029142448,José Miguel Camargo,12350497879,76359295
28620918271511,Sarah da Costa,70643159207,48450834
41436156800627,Cauã Freitas,17248653900,52113235
49376775990420,Mateus Viana,92684703140,93432483
54505853182881,Sr. Antony da Mota,63792058103,62324010
40147380096369,Eloah Martins,35410786262,84259771
26267295078297,Zoe Almeida,04387926104,78770597
64896541510840,Alexia Dias,18726530902,85199246
55217914232010,Dr. Diego Teixeira,95743618291,23286194
97761492194520,Elisa Peixoto,57986302186,06552217
58523609013451,Eloah Caldeira,85906427120,87837108
85265960235006,Zoe Pastor,28916537428,09554023
82448785713782,Renan Porto,63958047238,30106232
64896164074066,Ryan Ferreira,48351076910,66399570
79615297128890,Heitor Moraes,05189746267,42860767
82339093020510,Ana Vitória Teixeira,52671894309,84681522
62943821504792,Sra. Yasmin Moura,08741269322,48140233
14449219907207,Caleb Abreu,52064183744,88652455
55967483497281,Joana Melo,08261943542,94241969
66147334626119,Marcos Vinicius Cavalcanti,62908134551,35020673
20647491715237,Henry Teixeira,38915702603,30779041
75998376872554,Otto Farias,58903672429,87470846
54084765622699,Helena Leão,78053291686,72628737
81475017290641,Manuella Farias,91375260812,85163263
53781685257324,Bento Oliveira,69183045260,27355562
79796904035947,Esther Jesus,12906547352,69441450
73455293283336,Danilo da Mata,43159670848,92766305
94834812969005,Luiz Miguel Pimenta,59483027683,38347147
71523625042439,Sra. Ester Lima,71392648050,17823857
74898962454489,Vitor Gabriel Santos,92573086186,76950041
87740311821841,Srta. Catarina da Rocha,35279614025,73630266
54530226231200,Dr. Oliver Fernandes,90643278150,19344754
13041558569715,João Vitor Santos,68140973548,73744887
63283318863099,Eduarda Cunha,20145379680,52848645
74519982000539,Cecilia Sampaio,65214830998,99680157
56968965107272,Dr. Antônio Porto,35679041839,30293864
77020773877132,José Miguel Pires,78401653975,07229449
48557696471126,Manuella Peixoto,83546201906,47246946
38103289746542,Isaac da Rosa,34891570601,96134060
11759478205210,Luara Cunha,65314827026,46880399
31111570933301,Srta. Maria Laura Leão,56178293437,24876830
75961537749263,Sra. Mariah Novais,52801749630,69464688
17481041704043,Theo Lima,91368540775,05889833
73101519397408,Catarina da Rosa,47935860238,96253706
19356932102723,Vinícius Pacheco,49672510802,89205891
18797330490303,Cauê das Neves,79085612330,53328525
74804841199034,José Pedro Dias,58620379186,92981435
89755004899253,Luiz Miguel Siqueira,59071463206,93867721
66946225187496,Dom Camargo,59736128059,66323035
61820854373503,Lucas Gabriel Ferreira,91325074888,91568970
88635251510300,Nicolas Guerra,50319476243,63708931
95497923989058,Caio Borges,56891073448,89224494
98111870067944,Sra. Giovanna Campos,71863025480,01138249
10313238571068,Luiz Fernando Cardoso,61805372912,24355065
77033887319055,Sra. Sabrina Nogueira,07821956449,11181915
13436310556348,Sr. Enrico Rezende,38715290603,02336097
73017792121316,Milena Mendes,59817046249,50082960
41523309984026,Stella Novaes,31704259860,62443647
98211224340112,Rafaela Viana,31062897595,71014143
73101925897525,Sr. Rhavi Monteiro,09581647201,50616091
30293417764049,Ana Carolina da Luz,53217609859,37927337
49675426603503,Sr. Benício Andrade,87523961002,93511876
86514231576794,Luiz Otávio Albuquerque,16708924501,40049778
48215768316055,Ana Clara Pinto,26983057465,46848338
21516850778650,Dr. Leonardo Duarte,06721489511,63697319
10696041491211,Sr. Lucas Pinto,86271095402,86465584
97453152350631,Heloisa Sousa,35174896209,30559462
96181077766256,Olivia Freitas,73184950620,94247516
61325576869015,Benjamin Borges,59310874279,65169607
14075936533620,Ravi Lucca Porto,63742190822,59067415
90487654014853,Maria Liz Viana,56049382115,59246352
47906317798248,Srta. Olivia Sales,40519276361,06354265
64240975356165,Thiago Borges,80279461313,14682273
72227583024576,Maria Júlia Rocha,70269351868,08053090
93775398427932,Laís Gonçalves,82164970322,11606866
51536638316396,Ana Júlia Cavalcanti,26843795137,76711921
29134617638081,Davi Rocha,62894053142,03223787
67374414123563,Isaque Dias,75213694837,65804708
44630094316706,Guilherme Costa,09481672549,90423967
40781003653758,Joaquim Vieira,20861935721,85640628
42734603067565,Isabelly Cassiano,43608951270,76098706
38740983883315,Lívia Novaes,96045827392,85582306
68286668224385,Isabella Moura,28795346074,91477311
79206035230590,Ana Laura Sales,61248370996,93335738
20597922890100,Carlos Eduardo da Conceição,95467831291,02808258
98527511572218,Dra. Luana Porto,21974603822,74025287
35415696358287,Maria Sophia Nascimento,63721085930,10241884
15429141847611,Giovanna Vasconcelos,58419763209,06695496
15234359119405,Bruno da Cunha,79584206176,57659988
44912532985407,Mariana Nogueira,15376028453,88154541
45670633975196,Dr. Murilo Brito,81734902604,79862103
82583382633925,Luara da Cruz,96718320404,69735037
74904575692060,Ana Peixoto,18526974319,73464003
62427536653763,Marcela Barros,68157293464,16524949
86962212321262,Caleb Nunes,58370649238,02229418
31028669400667,Benicio Pastor,96045731280,86757142
40140476140665,Maria Luísa Moreira,24798305600,53564008
57237243857719,Srta. Maysa Lima,63249015806,97967489
11393639109455,Larissa Costa,13894067250,14040758
61917327887861,Luiz Felipe Alves,97254186382,45396355
64030078589760,Marina Porto,45230768126,76682968
59261920262076,Maria Luísa Alves,95640872365,14226355
49581597017695,Caroline Ramos,79053182659,75448332
44829060506147,Samuel Abreu,86312954005,17354413
58813114135133,Enzo Mendonça,79534280674,83778826
85937197580855,Erick Aparecida,76429083500,20457902
42255357220593,Gael Cassiano,58920416389,30851574
79410991335023,Maria Laura Araújo,58614729391,66389636
52237253292177,Sara Nogueira,07283194541,60552783
69560141394133,Sr. João Pedro da Rocha,23105874607,66023455
47567993965570,Rafaela Machado,72519068302,00344250
17906146473813,Pedro Miguel Peixoto,48105972611,42960298
18533891844137,Olivia Pacheco,41706953216,00745208
94433891503382,Eloá Duarte,42698301740,19503578
59079345655025,Amanda Cunha,12685390405,22535323
39107792399768,Laura Cavalcante,37041598241,74939940
73101679308267,Lavínia Fogaça,03172568407,65523881
33036369447545,Bruna Pereira,35890217488,61973355
11629548376485,Vitor Gabriel Aparecida,12645703925,60907892
75200993721047,Ana Vitória Albuquerque,08463729169,86986373
56605715542548,Samuel Aparecida,68702139413,46113955
81363957538940,Sr. Rafael Sousa,93054176207,73008676
95160406882403,Antony Borges,69103275434,14627192
44713577495836,Lucca Carvalho,48931760213,65465390
20423067610683,Arthur Gabriel Carvalho,75069841211,17309147
45387040152698,Bento Vasconcelos,63728041580,62441855
10147323096669,Marcos Vinicius Pires,15689024767,70391067
12585156275214,Ísis Vargas,52601983442,41299003
17997152317785,Dr. Isaac Pinto,24567819020,24251755
65383166024117,Julia Moraes,97163804296,96649256
94845773540026,Sr. Cauê Pinto,97423015652,37729583
53653722391976,Marcelo Oliveira,98641205306,11263957
19079879515966,Davi Lucca da Conceição,09718254676,05174190
97616831379154,Ana Barros,20851937659,33237465
61886145656697,Lorena Silva,81632075407,18855603
61678020482418,Noah Correia,01542698324,78006590
24992918426803,Alícia Pimenta,65391782040,40316628
42967371689883,Raul Borges,04329186551,04886632
69951119209252,Dr. Arthur Gabriel Andrade,59214803633,85457475
19101475644294,Theodoro Albuquerque,13675284026,54321721
56336634235618,Davi Luiz Lopes,20341968560,28113981
31931406903976,Emanuelly Montenegro,60847921549,35049741
70867783507783,Dr. Thomas Montenegro,40913765252,84788504
41002272949595,Ana Sophia Barros,10678924350,69061193
23727814320614,Maria Luísa Melo,14085269720,76746343
36259222875484,Matteo Aragão,01973546884,73487366
71365904053788,Vinicius Novais,72831905621,25389310
58383639617833,Luiz Gustavo da Rosa,07592643847,10080980
92789441913038,Maria Luiza Farias,06793815466,61802166
20433401151871,Luiz Otávio Freitas,65483290151,62074428
17023712298647,João Felipe Souza,09126758377,42512632
87995944298092,Maysa Alves,74863015984,81557151
36932816830866,Kaique Novaes,07412835904,76752310
33368081520379,Letícia Silva,24015673808,36415217
94259340979681,Dra. Maria Vitória Andrade,25196384006,16065225
70398654651949,Evelyn Mendes,82319605460,35774691
81440066417883,Luara Pacheco,41930528779,36491175
29287343764052,Ana Costela,83756491048,88468712
18903586720624,Mariana Sá,18569270402,02034847
91148772982664,Otto Abreu,37948126546,06506467
98777381714979,Yuri Ribeiro,36047528171,60955390
38499988467249,Sra. Isabela Leão,39012657407,94225030
81613461525830,Isabelly Monteiro,52841796094,27099634
75531851367629,Sr. Ravi Lucca Pastor,92081643570,13068785
67449789576986,Maitê Porto,76058421390,83887279
80442186721166,Julia Lopes,01738956202,47457455
39150671083251,Kamilly Sales,38029156405,11280199
35780544121325,Letícia Azevedo,67521940334,07867392
62575659104914,Dra. Maysa Teixeira,58102394633,77459499
37904094118545,Hadassa Teixeira,36940781501,88963611
79742165672967,Zoe Silva,13925067868,47298186
75237719607867,João Gabriel Camargo,14827390541,04618889
83387371454984,Igor da Paz,06715842353,88432668
55153622082656,José Pedro Barbosa,63590248106,78315289
75551254169585,Elisa Nogueira,51987436075,52952970
16812579780710,Isabelly Santos,46057183207,12811856
79236529645679,Milena Mendonça,39546870110,87334461
19440103268507,Theo Casa Grande,46025831998,29658095
54855063587782,Laura Pastor,34891075279,25629814
66885180190809,Manuella Rios,93401576801,68747846
68541751853936,Dra. Raquel Cassiano,57412380923,38744818
50460659009268,Felipe Porto,31780469500,82457274
30903737110193,Hadassa Guerra,04725913634,74429227
39762659297956,Davi Lucca Fernandes,51806342960,95789117
82146892916496,Lucca Cirino,12943675873,79044958
44992677523462,Maria Alice Aparecida,65184027920,01342915
12444957202750,Gael Pastor,61953027830,44557216
84326519030166,Alexia da Mata,47219305699,30975277
54853997327203,Julia da Cunha,14027385950,49427178
19678657545667,Sr. Samuel da Paz,54327806900,16010958
93929954934521,Antony Moreira,98725341600,28786720
99845213804012,Raquel Camargo,80192754360,92004394
36284721206984,Maria Julia Rios,07241963822,23007135
97232227901657,Arthur Gabriel da Paz,85672403956,47353521
25528397662979,Ana Laura Costa,18460357910,92246026
33273371572933,Sophie Montenegro,20578631407,72995151
34247543974134,Maria Fernanda Cirino,37428695074,23272727
45208558752886,Gustavo Gomes,91452073805,56391332
48847944716013,Maria Liz Peixoto,91804256315,10340853
54604302662728,Ana Julia Rezende,81957230630,13086532
44312864170207,Luísa Azevedo,87045239629,63198399
90684617655275,Liam Moraes,78634059120,56653098
78325706259159,Vicente Ferreira,53840692792,80916643
76792601032795,Antonella Castro,08195276458,09451251
42951694919485,Vitor Hugo da Cunha,52491607867,24147301
87492820085641,Dante Moura,75436289100,66838387
17068288054002,Eloá Brito,27830195404,11314558
11154961714564,Camila Fernandes,38401259797,51917858
50882615996997,Srta. Cecilia Barbosa,50682974374,65773243
76310019108917,Marina Barros,26189574076,14571599
71237433657422,Maria Laura Pinto,94536208151,55998952
10805793300985,Mathias Moura,21340598779,47381336
97500911487719,Lorena Pacheco,68437529182,31840951
79372015874726,José Câmara,01762495325,69642823
21432600568004,Dr. Pedro Henrique da Rosa,53018429605,90582965
72651547671131,Amanda Porto,39468712087,16513502
23832927535640,Rafaela Campos,47561098375,33800484
11343438194924,Cecilia Dias,39042785179,40052084
77994505192758,Caio Porto,48526903756,95988665
84860510156204,Luiz Fernando Peixoto,15463902860,40224134
58444101419952,João Guilherme Vargas,67145089300,07406221
47287262903977,Bianca Fogaça,05984173204,72922668
54003988397071,Davi Luiz da Rosa,60317958259,02572231
75161163469818,Heloisa da Costa,41032569743,81119092
60056101188623,Alícia Oliveira,46329187509,13819550
30079206197529,Emanuella Albuquerque,82167590377,84915281
41537417699800,Maysa Nunes,91746538228,61272419
40579605000308,Nina da Luz,25769103868,41328899
70893729608673,Ana Cecília Novais,21894053788,50218328
72728306518512,Emilly Casa Grande,45968701285,85177546
34892964668673,Hadassa Camargo,45297681391,30202170
65305891862828,Sr. Henry Andrade,24790516334,50474970
83491657203654,Breno Novais,18709523677,73024733
73798343656003,Amanda Vieira,25187069411,32037092
36125664723399,Yan Freitas,41728530997,51113807
14074330883518,Vinícius Almeida,82379041687,64758251
72640046158258,Anthony Gabriel Nascimento,38625479065,03571280
97781261414623,Beatriz Fogaça,12308645717,55644745
36632482127083,Brenda Andrade,12086497520,32252041
17838691789077,Luigi Ribeiro,21079685359,80271045
10553763716181,Ana Vitória Costela,14069728511,53336586
80947449906048,Julia Rezende,25406831933,95792563
34314564430053,Anna Liz Sales,24917856094,89190929
44940099644316,Sabrina da Costa,19376482573,53284882
81780507136185,Sr. Pedro Miguel Machado,92670548130,61047873
44721288797111,Maria Cecília Rezende,34617859039,35454464
28334502517830,Nina Azevedo,79821430678,27662960
66413186169417,Kevin Mendonça,91284560767,70567622
25458101396706,Davi Miguel Costa,60397814593,73304571
94587994911499,Theodoro Camargo,25180376408,41332788
55962144778674,Miguel Siqueira,29136754846,81193644
62661432006028,Cauê Oliveira,08694732556,09466992
43587547899133,Rhavi Cassiano,51807439666,77449955
92493159738167,Gabrielly Cassiano,13254890698,27559404
26085779858024,Bryan Aparecida,03469581215,64543320
88461903716712,Brayan Porto,92618475364,60114258
80556439375741,Vitória Nogueira,52017934879,25729497
90906783950482,Gabrielly Aragão,92708156411,32810233
58902980395851,Valentina Aparecida,36824105970,15401062
88721397871803,Bruna Leão,16980347500,32674367
12643259644759,Natália Vasconcelos,56470892167,25395047
57794075586334,Maria Sophia Pimenta,62134859709,77422496
19674293783619,Ana Clara Oliveira,17958362021,80247983
20368650742401,Isis Porto,27569810368,84024602
14382215651276,Dra. Evelyn Mendonça,39815247646,64869837
80989492456317,Lucas Mendonça,96130724543,92854236
79064104975350,Dra. Emanuella Leão,74916283031,01230866
60635087213681,Ana Laura Martins,75490821388,46105879
49285812068582,Isadora Campos,09681574320,88209341
21706893294264,Nina da Rosa,06872354992,98621620
12663387864816,Ravi Fernandes,21457680920,08121055
36078163634456,Dante Mendonça,10753829479,49448788
