"data";"dataFim";"valor"
"01/01/2021";"01/02/2021";"0,1159"
"02/01/2021";"02/02/2021";"0,1159"
"03/01/2021";"03/02/2021";"0,1159"
"04/01/2021";"04/02/2021";"0,1159"
"05/01/2021";"05/02/2021";"0,1159"
"06/01/2021";"06/02/2021";"0,1159"
"07/01/2021";"07/02/2021";"0,1159"
"08/01/2021";"08/02/2021";"0,1159"
"09/01/2021";"09/02/2021";"0,1159"
"10/01/2021";"10/02/2021";"0,1159"
"11/01/2021";"11/02/2021";"0,1159"
"12/01/2021";"12/02/2021";"0,1159"
"13/01/2021";"13/02/2021";"0,1159"
"14/01/2021";"14/02/2021";"0,1159"
"15/01/2021";"15/02/2021";"0,1159"
"16/01/2021";"16/02/2021";"0,1159"
"17/01/2021";"17/02/2021";"0,1159"
"18/01/2021";"18/02/2021";"0,1159"
"19/01/2021";"19/02/2021";"0,1159"
"20/01/2021";"20/02/2021";"0,1159"
"21/01/2021";"21/02/2021";"0,1159"
"22/01/2021";"22/02/2021";"0,1159"
"23/01/2021";"23/02/2021";"0,1159"
"24/01/2021";"24/02/2021";"0,1159"
"25/01/2021";"25/02/2021";"0,1159"
"26/01/2021";"26/02/2021";"0,1159"
"27/01/2021";"27/02/2021";"0,1159"
"28/01/2021";"28/02/2021";"0,1159"
"01/02/2021";"01/03/2021";"0,1159"
"02/02/2021";"02/03/2021";"0,1159"
"03/02/2021";"03/03/2021";"0,1159"
"04/02/2021";"04/03/2021";"0,1159"
"05/02/2021";"05/03/2021";"0,1159"
"06/02/2021";"06/03/2021";"0,1159"
"07/02/2021";"07/03/2021";"0,1159"
"08/02/2021";"08/03/2021";"0,1159"
"09/02/2021";"09/03/2021";"0,1159"
"10/02/2021";"10/03/2021";"0,1159"
"11/02/2021";"11/03/2021";"0,1159"
"12/02/2021";"12/03/2021";"0,1159"
"13/02/2021";"13/03/2021";"0,1159"
"14/02/2021";"14/03/2021";"0,1159"
"15/02/2021";"15/03/2021";"0,1159"
"16/02/2021";"16/03/2021";"0,1159"
"17/02/2021";"17/03/2021";"0,1159"
"18/02/2021";"18/03/2021";"0,1159"
"19/02/2021";"19/03/2021";"0,1159"
"20/02/2021";"20/03/2021";"0,1159"
"21/02/2021";"21/03/2021";"0,1159"
"22/02/2021";"22/03/2021";"0,1159"
"23/02/2021";"23/03/2021";"0,1159"
"24/02/2021";"24/03/2021";"0,1159"
"25/02/2021";"25/03/2021";"0,1159"
"26/02/2021";"26/03/2021";"0,1159"
"27/02/2021";"27/03/2021";"0,1159"
"28/02/2021";"28/03/2021";"0,1159"
"01/03/2021";"01/04/2021";"0,1159"
"02/03/2021";"02/04/2021";"0,1159"
"03/03/2021";"03/04/2021";"0,1159"
"04/03/2021";"04/04/2021";"0,1159"
"05/03/2021";"05/04/2021";"0,1159"
"06/03/2021";"06/04/2021";"0,1159"
"07/03/2021";"07/04/2021";"0,1159"
"08/03/2021";"08/04/2021";"0,1159"
"09/03/2021";"09/04/2021";"0,1159"
"10/03/2021";"10/04/2021";"0,1159"
"11/03/2021";"11/04/2021";"0,1159"
"12/03/2021";"12/04/2021";"0,1159"
"13/03/2021";"13/04/2021";"0,1159"
"14/03/2021";"14/04/2021";"0,1159"
"15/03/2021";"15/04/2021";"0,1159"
"16/03/2021";"16/04/2021";"0,1159"
"17/03/2021";"17/04/2021";"0,1159"
"18/03/2021";"18/04/2021";"0,1590"
"19/03/2021";"19/04/2021";"0,1590"
"20/03/2021";"20/04/2021";"0,1590"
"21/03/2021";"21/04/2021";"0,1590"
"22/03/2021";"22/04/2021";"0,1590"
"23/03/2021";"23/04/2021";"0,1590"
"24/03/2021";"24/04/2021";"0,1590"
"25/03/2021";"25/04/2021";"0,1590"
"26/03/2021";"26/04/2021";"0,1590"
"27/03/2021";"27/04/2021";"0,1590"
"28/03/2021";"28/04/2021";"0,1590"
"01/04/2021";"01/05/2021";"0,1590"
"02/04/2021";"02/05/2021";"0,1590"
"03/04/2021";"03/05/2021";"0,1590"
"04/04/2021";"04/05/2021";"0,1590"
"05/04/2021";"05/05/2021";"0,1590"
"06/04/2021";"06/05/2021";"0,1590"
"07/04/2021";"07/05/2021";"0,1590"
"08/04/2021";"08/05/2021";"0,1590"
"09/04/2021";"09/05/2021";"0,1590"
"10/04/2021";"10/05/2021";"0,1590"
"11/04/2021";"11/05/2021";"0,1590"
"12/04/2021";"12/05/2021";"0,1590"
"13/04/2021";"13/05/2021";"0,1590"
"14/04/2021";"14/05/2021";"0,1590"
"15/04/2021";"15/05/2021";"0,1590"
"16/04/2021";"16/05/2021";"0,1590"
"17/04/2021";"17/05/2021";"0,1590"
"18/04/2021";"18/05/2021";"0,1590"
"19/04/2021";"19/05/2021";"0,1590"
"20/04/2021";"20/05/2021";"0,1590"
"21/04/2021";"21/05/2021";"0,1590"
"22/04/2021";"22/05/2021";"0,1590"
"23/04/2021";"23/05/2021";"0,1590"
"24/04/2021";"24/05/2021";"0,1590"
"25/04/2021";"25/05/2021";"0,1590"
"26/04/2021";"26/05/2021";"0,1590"
"27/04/2021";"27/05/2021";"0,1590"
"28/04/2021";"28/05/2021";"0,1590"
"01/05/2021";"01/06/2021";"0,1590"
"02/05/2021";"02/06/2021";"0,1590"
"03/05/2021";"03/06/2021";"0,1590"
"04/05/2021";"04/06/2021";"0,1590"
"05/05/2021";"05/06/2021";"0,1590"
"06/05/2021";"06/06/2021";"0,2019"
"07/05/2021";"07/06/2021";"0,2019"
"08/05/2021";"08/06/2021";"0,2019"
"09/05/2021";"09/06/2021";"0,2019"
"10/05/2021";"10/06/2021";"0,2019"
"11/05/2021";"11/06/2021";"0,2019"
"12/05/2021";"12/06/2021";"0,2019"
"13/05/2021";"13/06/2021";"0,2019"
"14/05/2021";"14/06/2021";"0,2019"
"15/05/2021";"15/06/2021";"0,2019"
"16/05/2021";"16/06/2021";"0,2019"
"17/05/2021";"17/06/2021";"0,2019"
"18/05/2021";"18/06/2021";"0,2019"
"19/05/2021";"19/06/2021";"0,2019"
"20/05/2021";"20/06/2021";"0,2019"
"21/05/2021";"21/06/2021";"0,2019"
"22/05/2021";"22/06/2021";"0,2019"
"23/05/2021";"23/06/2021";"0,2019"
"24/05/2021";"24/06/2021";"0,2019"
"25/05/2021";"25/06/2021";"0,2019"
"26/05/2021";"26/06/2021";"0,2019"
"27/05/2021";"27/06/2021";"0,2019"
"28/05/2021";"28/06/2021";"0,2019"
"01/06/2021";"01/07/2021";"0,2019"
"02/06/2021";"02/07/2021";"0,2019"
"03/06/2021";"03/07/2021";"0,2019"
"04/06/2021";"04/07/2021";"0,2019"
"05/06/2021";"05/07/2021";"0,2019"
"06/06/2021";"06/07/2021";"0,2019"
"07/06/2021";"07/07/2021";"0,2019"
"08/06/2021";"08/07/2021";"0,2019"
"09/06/2021";"09/07/2021";"0,2019"
"10/06/2021";"10/07/2021";"0,2019"
"11/06/2021";"11/07/2021";"0,2019"
"12/06/2021";"12/07/2021";"0,2019"
"13/06/2021";"13/07/2021";"0,2019"
"14/06/2021";"14/07/2021";"0,2019"
"15/06/2021";"15/07/2021";"0,2019"
"16/06/2021";"16/07/2021";"0,2019"
"17/06/2021";"17/07/2021";"0,2446"
"18/06/2021";"18/07/2021";"0,2446"
"19/06/2021";"19/07/2021";"0,2446"
"20/06/2021";"20/07/2021";"0,2446"
"21/06/2021";"21/07/2021";"0,2446"
"22/06/2021";"22/07/2021";"0,2446"
"23/06/2021";"23/07/2021";"0,2446"
"24/06/2021";"24/07/2021";"0,2446"
"25/06/2021";"25/07/2021";"0,2446"
"26/06/2021";"26/07/2021";"0,2446"
"27/06/2021";"27/07/2021";"0,2446"
"28/06/2021";"28/07/2021";"0,2446"
"01/07/2021";"01/08/2021";"0,2446"
"02/07/2021";"02/08/2021";"0,2446"
"03/07/2021";"03/08/2021";"0,2446"
"04/07/2021";"04/08/2021";"0,2446"
"05/07/2021";"05/08/2021";"0,2446"
"06/07/2021";"06/08/2021";"0,2446"
"07/07/2021";"07/08/2021";"0,2446"
"08/07/2021";"08/08/2021";"0,2446"
"09/07/2021";"09/08/2021";"0,2446"
"10/07/2021";"10/08/2021";"0,2446"
"11/07/2021";"11/08/2021";"0,2446"
"12/07/2021";"12/08/2021";"0,2446"
"13/07/2021";"13/08/2021";"0,2446"
"14/07/2021";"14/08/2021";"0,2446"
"15/07/2021";"15/08/2021";"0,2446"
"16/07/2021";"16/08/2021";"0,2446"
"17/07/2021";"17/08/2021";"0,2446"
"18/07/2021";"18/08/2021";"0,2446"
"19/07/2021";"19/08/2021";"0,2446"
"20/07/2021";"20/08/2021";"0,2446"
"21/07/2021";"21/08/2021";"0,2446"
"22/07/2021";"22/08/2021";"0,2446"
"23/07/2021";"23/08/2021";"0,2446"
"24/07/2021";"24/08/2021";"0,2446"
"25/07/2021";"25/08/2021";"0,2446"
"26/07/2021";"26/08/2021";"0,2446"
"27/07/2021";"27/08/2021";"0,2446"
"28/07/2021";"28/08/2021";"0,2446"
"01/08/2021";"01/09/2021";"0,2446"
"02/08/2021";"02/09/2021";"0,2446"
"03/08/2021";"03/09/2021";"0,2446"
"04/08/2021";"04/09/2021";"0,2446"
"05/08/2021";"05/09/2021";"0,3012"
"06/08/2021";"06/09/2021";"0,3012"
"07/08/2021";"07/09/2021";"0,3012"
"08/08/2021";"08/09/2021";"0,3012"
"09/08/2021";"09/09/2021";"0,3012"
"10/08/2021";"10/09/2021";"0,3012"
"11/08/2021";"11/09/2021";"0,3012"
"12/08/2021";"12/09/2021";"0,3012"
"13/08/2021";"13/09/2021";"0,3012"
"14/08/2021";"14/09/2021";"0,3012"
"15/08/2021";"15/09/2021";"0,3012"
"16/08/2021";"16/09/2021";"0,3012"
"17/08/2021";"17/09/2021";"0,3012"
"18/08/2021";"18/09/2021";"0,3012"
"19/08/2021";"19/09/2021";"0,3012"
"20/08/2021";"20/09/2021";"0,3012"
"21/08/2021";"21/09/2021";"0,3012"
"22/08/2021";"22/09/2021";"0,3012"
"23/08/2021";"23/09/2021";"0,3012"
"24/08/2021";"24/09/2021";"0,3012"
"25/08/2021";"25/09/2021";"0,3012"
"26/08/2021";"26/09/2021";"0,3012"
"27/08/2021";"27/09/2021";"0,3012"
"28/08/2021";"28/09/2021";"0,3012"
"01/09/2021";"01/10/2021";"0,3012"
"02/09/2021";"02/10/2021";"0,3012"
"03/09/2021";"03/10/2021";"0,3012"
"04/09/2021";"04/10/2021";"0,3012"
"05/09/2021";"05/10/2021";"0,3012"
"06/09/2021";"06/10/2021";"0,3012"
"07/09/2021";"07/10/2021";"0,3012"
"08/09/2021";"08/10/2021";"0,3012"
"09/09/2021";"09/10/2021";"0,3012"
"10/09/2021";"10/10/2021";"0,3012"
"11/09/2021";"11/10/2021";"0,3012"
"12/09/2021";"12/10/2021";"0,3012"
"13/09/2021";"13/10/2021";"0,3012"
"14/09/2021";"14/10/2021";"0,3012"
"15/09/2021";"15/10/2021";"0,3012"
"16/09/2021";"16/10/2021";"0,3012"
"17/09/2021";"17/10/2021";"0,3012"
"18/09/2021";"18/10/2021";"0,3012"
"19/09/2021";"19/10/2021";"0,3012"
"20/09/2021";"20/10/2021";"0,3012"
"21/09/2021";"21/10/2021";"0,3012"
"22/09/2021";"22/10/2021";"0,3012"
"23/09/2021";"23/10/2021";"0,3575"
"24/09/2021";"24/10/2021";"0,3575"
"25/09/2021";"25/10/2021";"0,3575"
"26/09/2021";"26/10/2021";"0,3575"
"27/09/2021";"27/10/2021";"0,3575"
"28/09/2021";"28/10/2021";"0,3575"
"01/10/2021";"01/11/2021";"0,3575"
"02/10/2021";"02/11/2021";"0,3575"
"03/10/2021";"03/11/2021";"0,3575"
"04/10/2021";"04/11/2021";"0,3575"
"05/10/2021";"05/11/2021";"0,3575"
"06/10/2021";"06/11/2021";"0,3575"
"07/10/2021";"07/11/2021";"0,3575"
"08/10/2021";"08/11/2021";"0,3575"
"09/10/2021";"09/11/2021";"0,3575"
"10/10/2021";"10/11/2021";"0,3575"
"11/10/2021";"11/11/2021";"0,3575"
"12/10/2021";"12/11/2021";"0,3575"
"13/10/2021";"13/11/2021";"0,3575"
"14/10/2021";"14/11/2021";"0,3575"
"15/10/2021";"15/11/2021";"0,3575"
"16/10/2021";"16/11/2021";"0,3575"
"17/10/2021";"17/11/2021";"0,3575"
"18/10/2021";"18/11/2021";"0,3575"
"19/10/2021";"19/11/2021";"0,3575"
"20/10/2021";"20/11/2021";"0,3575"
"21/10/2021";"21/11/2021";"0,3575"
"22/10/2021";"22/11/2021";"0,3575"
"23/10/2021";"23/11/2021";"0,3575"
"24/10/2021";"24/11/2021";"0,3575"
"25/10/2021";"25/11/2021";"0,3575"
"26/10/2021";"26/11/2021";"0,3575"
"27/10/2021";"27/11/2021";"0,3575"
"28/10/2021";"28/11/2021";"0,4412"
"01/11/2021";"01/12/2021";"0,4412"
"02/11/2021";"02/12/2021";"0,4412"
"03/11/2021";"03/12/2021";"0,4412"
"04/11/2021";"04/12/2021";"0,4412"
"05/11/2021";"05/12/2021";"0,4412"
"06/11/2021";"06/12/2021";"0,4412"
"07/11/2021";"07/12/2021";"0,4412"
"08/11/2021";"08/12/2021";"0,4412"
"09/11/2021";"09/12/2021";"0,4412"
"10/11/2021";"10/12/2021";"0,4412"
"11/11/2021";"11/12/2021";"0,4412"
"12/11/2021";"12/12/2021";"0,4412"
"13/11/2021";"13/12/2021";"0,4412"
"14/11/2021";"14/12/2021";"0,4412"
"15/11/2021";"15/12/2021";"0,4412"
"16/11/2021";"16/12/2021";"0,4556"
"17/11/2021";"17/12/2021";"0,4578"
"18/11/2021";"18/12/2021";"0,4586"
"19/11/2021";"19/12/2021";"0,4412"
"20/11/2021";"20/12/2021";"0,4412"
"21/11/2021";"21/12/2021";"0,4412"
"22/11/2021";"22/12/2021";"0,4570"
"23/11/2021";"23/12/2021";"0,4583"
"24/11/2021";"24/12/2021";"0,4607"
"25/11/2021";"25/12/2021";"0,4620"
"26/11/2021";"26/12/2021";"0,4412"
"27/11/2021";"27/12/2021";"0,4412"
"28/11/2021";"28/12/2021";"0,4412"
"01/12/2021";"01/01/2022";"0,4902"
"02/12/2021";"02/01/2022";"0,4739"
"03/12/2021";"03/01/2022";"0,4572"
"04/12/2021";"04/01/2022";"0,4626"
"05/12/2021";"05/01/2022";"0,4890"
"06/12/2021";"06/01/2022";"0,5154"
"07/12/2021";"07/01/2022";"0,5249"
"08/12/2021";"08/01/2022";"0,5237"
"09/12/2021";"09/01/2022";"0,5655"
"10/12/2021";"10/01/2022";"0,5438"
"11/12/2021";"11/01/2022";"0,5471"
"12/12/2021";"12/01/2022";"0,5732"
"13/12/2021";"13/01/2022";"0,5992"
"14/12/2021";"14/01/2022";"0,6029"
"15/12/2021";"15/01/2022";"0,6042"
"16/12/2021";"16/01/2022";"0,5839"
"17/12/2021";"17/01/2022";"0,5500"
"18/12/2021";"18/01/2022";"0,5539"
"19/12/2021";"19/01/2022";"0,5900"
"20/12/2021";"20/01/2022";"0,6162"
"21/12/2021";"21/01/2022";"0,6201"
"22/12/2021";"22/01/2022";"0,6147"
"23/12/2021";"23/01/2022";"0,5910"
"24/12/2021";"24/01/2022";"0,5691"
"25/12/2021";"25/01/2022";"0,5739"
"26/12/2021";"26/01/2022";"0,6002"
"27/12/2021";"27/01/2022";"0,6265"
"28/12/2021";"28/01/2022";"0,6319"
"01/01/2022";"01/02/2022";"0,5608"
"02/01/2022";"02/02/2022";"0,5872"
"03/01/2022";"03/02/2022";"0,6138"
"04/01/2022";"04/02/2022";"0,6158"
"05/01/2022";"05/02/2022";"0,6146"
"06/01/2022";"06/02/2022";"0,5908"
"07/01/2022";"07/02/2022";"0,5660"
"08/01/2022";"08/02/2022";"0,5677"
"09/01/2022";"09/02/2022";"0,5946"
"10/01/2022";"10/02/2022";"0,6215"
"11/01/2022";"11/02/2022";"0,6249"
"12/01/2022";"12/02/2022";"0,6255"
"13/01/2022";"13/02/2022";"0,6000"
"14/01/2022";"14/02/2022";"0,5751"
"15/01/2022";"15/02/2022";"0,5764"
"16/01/2022";"16/02/2022";"0,6036"
"17/01/2022";"17/02/2022";"0,6310"
"18/01/2022";"18/02/2022";"0,6324"
"19/01/2022";"19/02/2022";"0,6340"
"20/01/2022";"20/02/2022";"0,6107"
"21/01/2022";"21/02/2022";"0,5845"
"22/01/2022";"22/02/2022";"0,5877"
"23/01/2022";"23/02/2022";"0,6156"
"24/01/2022";"24/02/2022";"0,6435"
"25/01/2022";"25/02/2022";"0,6443"
"26/01/2022";"26/02/2022";"0,6371"
"27/01/2022";"27/02/2022";"0,6119"
"28/01/2022";"28/02/2022";"0,5480"
"01/02/2022";"01/03/2022";"0,5000"
"02/02/2022";"02/03/2022";"0,5000"
"03/02/2022";"03/03/2022";"0,5000"
"04/02/2022";"04/03/2022";"0,5000"
"05/02/2022";"05/03/2022";"0,5000"
"06/02/2022";"06/03/2022";"0,5000"
"07/02/2022";"07/03/2022";"0,5000"
"08/02/2022";"08/03/2022";"0,5000"
"09/02/2022";"09/03/2022";"0,5000"
"10/02/2022";"10/03/2022";"0,5000"
"11/02/2022";"11/03/2022";"0,5000"
"12/02/2022";"12/03/2022";"0,5000"
"13/02/2022";"13/03/2022";"0,5000"
"14/02/2022";"14/03/2022";"0,5000"
"15/02/2022";"15/03/2022";"0,5000"
"16/02/2022";"16/03/2022";"0,5000"
"17/02/2022";"17/03/2022";"0,5000"
"18/02/2022";"18/03/2022";"0,5000"
"19/02/2022";"19/03/2022";"0,5000"
"20/02/2022";"20/03/2022";"0,5000"
"21/02/2022";"21/03/2022";"0,5000"
"22/02/2022";"22/03/2022";"0,5000"
"23/02/2022";"23/03/2022";"0,5000"
"24/02/2022";"24/03/2022";"0,5000"
"25/02/2022";"25/03/2022";"0,5000"
"26/02/2022";"26/03/2022";"0,5000"
"27/02/2022";"27/03/2022";"0,5000"
"28/02/2022";"28/03/2022";"0,5000"
"01/03/2022";"01/04/2022";"0,5976"
"02/03/2022";"02/04/2022";"0,6304"
"03/03/2022";"03/04/2022";"0,5997"
"04/03/2022";"04/04/2022";"0,5673"
"05/03/2022";"05/04/2022";"0,5779"
"06/03/2022";"06/04/2022";"0,6017"
"07/03/2022";"07/04/2022";"0,6355"
"08/03/2022";"08/04/2022";"0,6393"
"09/03/2022";"09/04/2022";"0,6422"
"10/03/2022";"10/04/2022";"0,6129"
"11/03/2022";"11/04/2022";"0,5855"
"12/03/2022";"12/04/2022";"0,5938"
"13/03/2022";"13/04/2022";"0,6274"
"14/03/2022";"14/04/2022";"0,6513"
"15/03/2022";"15/04/2022";"0,6559"
"16/03/2022";"16/04/2022";"0,6260"
"17/03/2022";"17/04/2022";"0,6063"
"18/03/2022";"18/04/2022";"0,5748"
"19/03/2022";"19/04/2022";"0,5762"
"20/03/2022";"20/04/2022";"0,6095"
"21/03/2022";"21/04/2022";"0,6329"
"22/03/2022";"22/04/2022";"0,6021"
"23/03/2022";"23/04/2022";"0,6046"
"24/03/2022";"24/04/2022";"0,5839"
"25/03/2022";"25/04/2022";"0,5512"
"26/03/2022";"26/04/2022";"0,5524"
"27/03/2022";"27/04/2022";"0,5856"
"28/03/2022";"28/04/2022";"0,6089"
"01/04/2022";"01/05/2022";"0,5558"
"02/04/2022";"02/05/2022";"0,5243"
"03/04/2022";"03/05/2022";"0,5577"
"04/04/2022";"04/05/2022";"0,5809"
"05/04/2022";"05/05/2022";"0,5805"
"06/04/2022";"06/05/2022";"0,5822"
"07/04/2022";"07/05/2022";"0,5842"
"08/04/2022";"08/05/2022";"0,5614"
"09/04/2022";"09/05/2022";"0,5325"
"10/04/2022";"10/05/2022";"0,5661"
"11/04/2022";"11/05/2022";"0,5898"
"12/04/2022";"12/05/2022";"0,5924"
"13/04/2022";"13/05/2022";"0,5937"
"14/04/2022";"14/05/2022";"0,5933"
"15/04/2022";"15/05/2022";"0,5598"
"16/04/2022";"16/05/2022";"0,5598"
"17/04/2022";"17/05/2022";"0,5938"
"18/04/2022";"18/05/2022";"0,6277"
"19/04/2022";"19/05/2022";"0,6286"
"20/04/2022";"20/05/2022";"0,6308"
"21/04/2022";"21/05/2022";"0,6309"
"22/04/2022";"22/05/2022";"0,6309"
"23/04/2022";"23/05/2022";"0,5973"
"24/04/2022";"24/05/2022";"0,6215"
"25/04/2022";"25/05/2022";"0,6557"
"26/04/2022";"26/05/2022";"0,6546"
"27/04/2022";"27/05/2022";"0,6576"
"28/04/2022";"28/05/2022";"0,6617"
"01/05/2022";"01/06/2022";"0,6671"
"02/05/2022";"02/06/2022";"0,6919"
"03/05/2022";"03/06/2022";"0,6914"
"04/05/2022";"04/06/2022";"0,6947"
"05/05/2022";"05/06/2022";"0,6646"
"06/05/2022";"06/06/2022";"0,6408"
"07/05/2022";"07/06/2022";"0,6411"
"08/05/2022";"08/06/2022";"0,6660"
"09/05/2022";"09/06/2022";"0,7011"
"10/05/2022";"10/06/2022";"0,7013"
"11/05/2022";"11/06/2022";"0,7033"
"12/05/2022";"12/06/2022";"0,6672"
"13/05/2022";"13/06/2022";"0,6414"
"14/05/2022";"14/06/2022";"0,6425"
"15/05/2022";"15/06/2022";"0,6674"
"16/05/2022";"16/06/2022";"0,7025"
"17/05/2022";"17/06/2022";"0,6692"
"18/05/2022";"18/06/2022";"0,6697"
"19/05/2022";"19/06/2022";"0,6441"
"20/05/2022";"20/06/2022";"0,6084"
"21/05/2022";"21/06/2022";"0,6067"
"22/05/2022";"22/06/2022";"0,6418"
"23/05/2022";"23/06/2022";"0,6667"
"24/05/2022";"24/06/2022";"0,6724"
"25/05/2022";"25/06/2022";"0,6719"
"26/05/2022";"26/06/2022";"0,6462"
"27/05/2022";"27/06/2022";"0,6112"
"28/05/2022";"28/06/2022";"0,6118"
"01/06/2022";"01/07/2022";"0,6491"
"02/06/2022";"02/07/2022";"0,6519"
"03/06/2022";"03/07/2022";"0,6162"
"04/06/2022";"04/07/2022";"0,5828"
"05/06/2022";"05/07/2022";"0,6195"
"06/06/2022";"06/07/2022";"0,6462"
"07/06/2022";"07/07/2022";"0,6491"
"08/06/2022";"08/07/2022";"0,6509"
"09/06/2022";"09/07/2022";"0,6520"
"10/06/2022";"10/07/2022";"0,6260"
"11/06/2022";"11/07/2022";"0,5950"
"12/06/2022";"12/07/2022";"0,6218"
"13/06/2022";"13/07/2022";"0,6588"
"14/06/2022";"14/07/2022";"0,6602"
"15/06/2022";"15/07/2022";"0,6652"
"16/06/2022";"16/07/2022";"0,6643"
"17/06/2022";"17/07/2022";"0,6643"
"18/06/2022";"18/07/2022";"0,6279"
"19/06/2022";"19/07/2022";"0,6648"
"20/06/2022";"20/07/2022";"0,6917"
"21/06/2022";"21/07/2022";"0,6933"
"22/06/2022";"22/07/2022";"0,6924"
"23/06/2022";"23/07/2022";"0,6929"
"24/06/2022";"24/07/2022";"0,6676"
"25/06/2022";"25/07/2022";"0,6332"
"26/06/2022";"26/07/2022";"0,6701"
"27/06/2022";"27/07/2022";"0,6972"
"28/06/2022";"28/07/2022";"0,6972"
"01/07/2022";"01/08/2022";"0,6639"
"02/07/2022";"02/08/2022";"0,6643"
"03/07/2022";"03/08/2022";"0,7013"
"04/07/2022";"04/08/2022";"0,7284"
"05/07/2022";"05/08/2022";"0,7281"
"06/07/2022";"06/08/2022";"0,7278"
"07/07/2022";"07/08/2022";"0,7008"
"08/07/2022";"08/08/2022";"0,6642"
"09/07/2022";"09/08/2022";"0,6659"
"10/07/2022";"10/08/2022";"0,7031"
"11/07/2022";"11/08/2022";"0,7303"
"12/07/2022";"12/08/2022";"0,7307"
"13/07/2022";"13/08/2022";"0,7324"
"14/07/2022";"14/08/2022";"0,7058"
"15/07/2022";"15/08/2022";"0,6696"
"16/07/2022";"16/08/2022";"0,6710"
"17/07/2022";"17/08/2022";"0,7083"
"18/07/2022";"18/08/2022";"0,7358"
"19/07/2022";"19/08/2022";"0,7373"
"20/07/2022";"20/08/2022";"0,7372"
"21/07/2022";"21/08/2022";"0,7100"
"22/07/2022";"22/08/2022";"0,6724"
"23/07/2022";"23/08/2022";"0,6730"
"24/07/2022";"24/08/2022";"0,7105"
"25/07/2022";"25/08/2022";"0,7381"
"26/07/2022";"26/08/2022";"0,7385"
"27/07/2022";"27/08/2022";"0,7386"
"28/07/2022";"28/08/2022";"0,7132"
"01/08/2022";"01/09/2022";"0,7421"
"02/08/2022";"02/09/2022";"0,7420"
"03/08/2022";"03/09/2022";"0,7432"
"04/08/2022";"04/09/2022";"0,7083"
"05/08/2022";"05/09/2022";"0,6804"
"06/08/2022";"06/09/2022";"0,6810"
"07/08/2022";"07/09/2022";"0,7088"
"08/08/2022";"08/09/2022";"0,7088"
"09/08/2022";"09/09/2022";"0,7075"
"10/08/2022";"10/09/2022";"0,7075"
"11/08/2022";"11/09/2022";"0,6798"
"12/08/2022";"12/09/2022";"0,6521"
"13/08/2022";"13/09/2022";"0,6526"
"14/08/2022";"14/09/2022";"0,6803"
"15/08/2022";"15/09/2022";"0,7082"
"16/08/2022";"16/09/2022";"0,7084"
"17/08/2022";"17/09/2022";"0,7086"
"18/08/2022";"18/09/2022";"0,6793"
"19/08/2022";"19/09/2022";"0,6524"
"20/08/2022";"20/09/2022";"0,6524"
"21/08/2022";"21/09/2022";"0,6801"
"22/08/2022";"22/09/2022";"0,7079"
"23/08/2022";"23/09/2022";"0,7087"
"24/08/2022";"24/09/2022";"0,7087"
"25/08/2022";"25/09/2022";"0,6809"
"26/08/2022";"26/09/2022";"0,6527"
"27/08/2022";"27/09/2022";"0,6430"
"28/08/2022";"28/09/2022";"0,6808"
"01/09/2022";"01/10/2022";"0,6814"
"02/09/2022";"02/10/2022";"0,6432"
"03/09/2022";"03/10/2022";"0,6152"
"04/09/2022";"04/10/2022";"0,6430"
"05/09/2022";"05/10/2022";"0,6809"
"06/09/2022";"06/10/2022";"0,6809"
"07/09/2022";"07/10/2022";"0,6817"
"08/09/2022";"08/10/2022";"0,7097"
"09/09/2022";"09/10/2022";"0,6818"
"10/09/2022";"10/10/2022";"0,6440"
"11/09/2022";"11/10/2022";"0,6819"
"12/09/2022";"12/10/2022";"0,7097"
"13/09/2022";"13/10/2022";"0,6819"
"14/09/2022";"14/10/2022";"0,6830"
"15/09/2022";"15/10/2022";"0,6835"
"16/09/2022";"16/10/2022";"0,6470"
"17/09/2022";"17/10/2022";"0,6198"
"18/09/2022";"18/10/2022";"0,6477"
"19/09/2022";"19/10/2022";"0,6859"
"20/09/2022";"20/10/2022";"0,6850"
"21/09/2022";"21/10/2022";"0,6845"
"22/09/2022";"22/10/2022";"0,6824"
"23/09/2022";"23/10/2022";"0,6512"
"24/09/2022";"24/10/2022";"0,6142"
"25/09/2022";"25/10/2022";"0,6520"
"26/09/2022";"26/10/2022";"0,6797"
"27/09/2022";"27/10/2022";"0,6779"
"28/09/2022";"28/10/2022";"0,6777"
"01/10/2022";"01/11/2022";"0,6501"
"02/10/2022";"02/11/2022";"0,6778"
"03/10/2022";"03/11/2022";"0,6778"
"04/10/2022";"04/11/2022";"0,6789"
"05/10/2022";"05/11/2022";"0,6796"
"06/10/2022";"06/11/2022";"0,6520"
"07/10/2022";"07/11/2022";"0,6136"
"08/10/2022";"08/11/2022";"0,6137"
"09/10/2022";"09/11/2022";"0,6514"
"10/10/2022";"10/11/2022";"0,6790"
"11/10/2022";"11/11/2022";"0,6811"
"12/10/2022";"12/11/2022";"0,6798"
"13/10/2022";"13/11/2022";"0,6798"
"14/10/2022";"14/11/2022";"0,6516"
"15/10/2022";"15/11/2022";"0,6515"
"16/10/2022";"16/11/2022";"0,6515"
"17/10/2022";"17/11/2022";"0,6791"
"18/10/2022";"18/11/2022";"0,6789"
"19/10/2022";"19/11/2022";"0,6794"
"20/10/2022";"20/11/2022";"0,6513"
"21/10/2022";"21/11/2022";"0,6143"
"22/10/2022";"22/11/2022";"0,6147"
"23/10/2022";"23/11/2022";"0,6524"
"24/10/2022";"24/11/2022";"0,6801"
"25/10/2022";"25/11/2022";"0,6794"
"26/10/2022";"26/11/2022";"0,6791"
"27/10/2022";"27/11/2022";"0,6516"
"28/10/2022";"28/11/2022";"0,6136"
"01/11/2022";"01/12/2022";"0,6515"
"02/11/2022";"02/12/2022";"0,6515"
"03/11/2022";"03/12/2022";"0,6792"
"04/11/2022";"04/12/2022";"0,6519"
"05/11/2022";"05/12/2022";"0,6139"
"06/11/2022";"06/12/2022";"0,6516"
"07/11/2022";"07/12/2022";"0,6793"
"08/11/2022";"08/12/2022";"0,6799"
"09/11/2022";"09/12/2022";"0,6801"
"10/11/2022";"10/12/2022";"0,6796"
"11/11/2022";"11/12/2022";"0,6448"
"12/11/2022";"12/12/2022";"0,6170"
"13/11/2022";"13/12/2022";"0,6448"
"14/11/2022";"14/12/2022";"0,6828"
"15/11/2022";"15/12/2022";"0,6827"
"16/11/2022";"16/12/2022";"0,7105"
"17/11/2022";"17/12/2022";"0,7123"
"18/11/2022";"18/12/2022";"0,6834"
"19/11/2022";"19/12/2022";"0,6445"
"20/11/2022";"20/12/2022";"0,6825"
"21/11/2022";"21/12/2022";"0,7103"
"22/11/2022";"22/12/2022";"0,7103"
"23/11/2022";"23/12/2022";"0,7103"
"24/11/2022";"24/12/2022";"0,7102"
"25/11/2022";"25/12/2022";"0,6821"
"26/11/2022";"26/12/2022";"0,6447"
"27/11/2022";"27/12/2022";"0,6827"
"28/11/2022";"28/12/2022";"0,7105"
"01/12/2022";"01/01/2023";"0,7082"
"02/12/2022";"02/01/2023";"0,6806"
"03/12/2022";"03/01/2023";"0,6800"
"04/12/2022";"04/01/2023";"0,7076"
"05/12/2022";"05/01/2023";"0,7452"
"06/12/2022";"06/01/2023";"0,7450"
"07/12/2022";"07/01/2023";"0,7455"
"08/12/2022";"08/01/2023";"0,7125"
"09/12/2022";"09/01/2023";"0,6778"
"10/12/2022";"10/01/2023";"0,6789"
"11/12/2022";"11/01/2023";"0,7065"
"12/12/2022";"12/01/2023";"0,7440"
"13/12/2022";"13/01/2023";"0,7437"
"14/12/2022";"14/01/2023";"0,7427"
"15/12/2022";"15/01/2023";"0,7157"
"16/12/2022";"16/01/2023";"0,6772"
"17/12/2022";"17/01/2023";"0,6801"
"18/12/2022";"18/01/2023";"0,7079"
"19/12/2022";"19/01/2023";"0,7455"
"20/12/2022";"20/01/2023";"0,7427"
"21/12/2022";"21/01/2023";"0,7422"
"22/12/2022";"22/01/2023";"0,7149"
"23/12/2022";"23/01/2023";"0,6770"
"24/12/2022";"24/01/2023";"0,6782"
"25/12/2022";"25/01/2023";"0,7156"
"26/12/2022";"26/01/2023";"0,7430"
"27/12/2022";"27/01/2023";"0,7418"
"28/12/2022";"28/01/2023";"0,7406"
"01/01/2023";"01/02/2023";"0,7091"
"02/01/2023";"02/02/2023";"0,7365"
"03/01/2023";"03/02/2023";"0,7421"
"04/01/2023";"04/02/2023";"0,7374"
"05/01/2023";"05/02/2023";"0,7095"
"06/01/2023";"06/02/2023";"0,6724"
"07/01/2023";"07/02/2023";"0,6776"
"08/01/2023";"08/02/2023";"0,7152"
"09/01/2023";"09/02/2023";"0,7428"
"10/01/2023";"10/02/2023";"0,7382"
"11/01/2023";"11/02/2023";"0,7424"
"12/01/2023";"12/02/2023";"0,7157"
"13/01/2023";"13/02/2023";"0,6792"
"14/01/2023";"14/02/2023";"0,6795"
"15/01/2023";"15/02/2023";"0,7073"
"16/01/2023";"16/02/2023";"0,7450"
"17/01/2023";"17/02/2023";"0,7426"
"18/01/2023";"18/02/2023";"0,7438"
"19/01/2023";"19/02/2023";"0,7154"
"20/01/2023";"20/02/2023";"0,6772"
"21/01/2023";"21/02/2023";"0,6495"
"22/01/2023";"22/02/2023";"0,6495"
"23/01/2023";"23/02/2023";"0,6772"
"24/01/2023";"24/02/2023";"0,6774"
"25/01/2023";"25/02/2023";"0,6758"
"26/01/2023";"26/02/2023";"0,6460"
"27/01/2023";"27/02/2023";"0,6084"
"28/01/2023";"28/02/2023";"0,6118"
"01/02/2023";"01/03/2023";"0,5834"
"02/02/2023";"02/03/2023";"0,5848"
"03/02/2023";"03/03/2023";"0,5832"
"04/02/2023";"04/03/2023";"0,5835"
"05/02/2023";"05/03/2023";"0,5835"
"06/02/2023";"06/03/2023";"0,5835"
"07/02/2023";"07/03/2023";"0,5834"
"08/02/2023";"08/03/2023";"0,5831"
"09/02/2023";"09/03/2023";"0,5828"
"10/02/2023";"10/03/2023";"0,5829"
"11/02/2023";"11/03/2023";"0,5837"
"12/02/2023";"12/03/2023";"0,5837"
"13/02/2023";"13/03/2023";"0,5837"
"14/02/2023";"14/03/2023";"0,5830"
"15/02/2023";"15/03/2023";"0,5823"
"16/02/2023";"16/03/2023";"0,5825"
"17/02/2023";"17/03/2023";"0,5825"
"18/02/2023";"18/03/2023";"0,5825"
"19/02/2023";"19/03/2023";"0,5825"
"20/02/2023";"20/03/2023";"0,5825"
"21/02/2023";"21/03/2023";"0,6099"
"22/02/2023";"22/03/2023";"0,6474"
"23/02/2023";"23/03/2023";"0,6481"
"24/02/2023";"24/03/2023";"0,6477"
"25/02/2023";"25/03/2023";"0,6474"
"26/02/2023";"26/03/2023";"0,6474"
"27/02/2023";"27/03/2023";"0,6474"
"28/02/2023";"28/03/2023";"0,6475"
"01/03/2023";"01/04/2023";"0,7404"
"02/03/2023";"02/04/2023";"0,7129"
"03/03/2023";"03/04/2023";"0,6752"
"04/03/2023";"04/04/2023";"0,6751"
"05/03/2023";"05/04/2023";"0,7125"
"06/03/2023";"06/04/2023";"0,7400"
"07/03/2023";"07/04/2023";"0,7393"
"08/03/2023";"08/04/2023";"0,7097"
"09/03/2023";"09/04/2023";"0,6729"
"10/03/2023";"10/04/2023";"0,6481"
"11/03/2023";"11/04/2023";"0,6452"
"12/03/2023";"12/04/2023";"0,6727"
"13/03/2023";"13/04/2023";"0,7099"
"14/03/2023";"14/04/2023";"0,7074"
"15/03/2023";"15/04/2023";"0,7098"
"16/03/2023";"16/04/2023";"0,6724"
"17/03/2023";"17/04/2023";"0,6452"
"18/03/2023";"18/04/2023";"0,6445"
"19/03/2023";"19/04/2023";"0,6719"
"20/03/2023";"20/04/2023";"0,7092"
"21/03/2023";"21/04/2023";"0,7099"
"22/03/2023";"22/04/2023";"0,6721"
"23/03/2023";"23/04/2023";"0,6461"
"24/03/2023";"24/04/2023";"0,6081"
"25/03/2023";"25/04/2023";"0,6083"
"26/03/2023";"26/04/2023";"0,6458"
"27/03/2023";"27/04/2023";"0,6733"
"28/03/2023";"28/04/2023";"0,6742"
"01/04/2023";"01/05/2023";"0,5825"
"02/04/2023";"02/05/2023";"0,5825"
"03/04/2023";"03/05/2023";"0,6099"
"04/04/2023";"04/05/2023";"0,6102"
"05/04/2023";"05/05/2023";"0,6112"
"06/04/2023";"06/05/2023";"0,6113"
"07/04/2023";"07/05/2023";"0,5839"
"08/04/2023";"08/05/2023";"0,5839"
"09/04/2023";"09/05/2023";"0,6114"
"10/04/2023";"10/05/2023";"0,6489"
"11/04/2023";"11/05/2023";"0,6490"
"12/04/2023";"12/05/2023";"0,6490"
"13/04/2023";"13/05/2023";"0,6490"
"14/04/2023";"14/05/2023";"0,6117"
"15/04/2023";"15/05/2023";"0,5844"
"16/04/2023";"16/05/2023";"0,6120"
"17/04/2023";"17/05/2023";"0,6495"
"18/04/2023";"18/05/2023";"0,6499"
"19/04/2023";"19/05/2023";"0,6499"
"20/04/2023";"20/05/2023";"0,6498"
"21/04/2023";"21/05/2023";"0,6126"
"22/04/2023";"22/05/2023";"0,6126"
"23/04/2023";"23/05/2023";"0,6501"
"24/04/2023";"24/05/2023";"0,6778"
"25/04/2023";"25/05/2023";"0,6767"
"26/04/2023";"26/05/2023";"0,6774"
"27/04/2023";"27/05/2023";"0,6777"
"28/04/2023";"28/05/2023";"0,6503"
"01/05/2023";"01/06/2023";"0,7158"
"02/05/2023";"02/06/2023";"0,7435"
"03/05/2023";"03/06/2023";"0,7442"
"04/05/2023";"04/06/2023";"0,7064"
"05/05/2023";"05/06/2023";"0,6788"
"06/05/2023";"06/06/2023";"0,6787"
"07/05/2023";"07/06/2023";"0,7065"
"08/05/2023";"08/06/2023";"0,7442"
"09/05/2023";"09/06/2023";"0,7066"
"10/05/2023";"10/06/2023";"0,7070"
"11/05/2023";"11/06/2023";"0,6794"
"12/05/2023";"12/06/2023";"0,6525"
"13/05/2023";"13/06/2023";"0,6522"
"14/05/2023";"14/06/2023";"0,6799"
"15/05/2023";"15/06/2023";"0,7078"
"16/05/2023";"16/06/2023";"0,7079"
"17/05/2023";"17/06/2023";"0,7082"
"18/05/2023";"18/06/2023";"0,6809"
"19/05/2023";"19/06/2023";"0,6427"
"20/05/2023";"20/06/2023";"0,6523"
"21/05/2023";"21/06/2023";"0,6800"
"22/05/2023";"22/06/2023";"0,7078"
"23/05/2023";"23/06/2023";"0,7088"
"24/05/2023";"24/06/2023";"0,7091"
"25/05/2023";"25/06/2023";"0,6811"
"26/05/2023";"26/06/2023";"0,6524"
"27/05/2023";"27/06/2023";"0,6429"
"28/05/2023";"28/06/2023";"0,6808"
"01/06/2023";"01/07/2023";"0,6808"
"02/06/2023";"02/07/2023";"0,6434"
"03/06/2023";"03/07/2023";"0,6158"
"04/06/2023";"04/07/2023";"0,6526"
"05/06/2023";"05/07/2023";"0,6793"
"06/06/2023";"06/07/2023";"0,6784"
"07/06/2023";"07/07/2023";"0,6774"
"08/06/2023";"08/07/2023";"0,6751"
"09/06/2023";"09/07/2023";"0,6751"
"10/06/2023";"10/07/2023";"0,6475"
"11/06/2023";"11/07/2023";"0,6742"
"12/06/2023";"12/07/2023";"0,7107"
"13/06/2023";"13/07/2023";"0,7091"
"14/06/2023";"14/07/2023";"0,7067"
"15/06/2023";"15/07/2023";"0,7060"
"16/06/2023";"16/07/2023";"0,6674"
"17/06/2023";"17/07/2023";"0,6410"
"18/06/2023";"18/07/2023";"0,6674"
"19/06/2023";"19/07/2023";"0,7038"
"20/06/2023";"20/07/2023";"0,7023"
"21/06/2023";"21/07/2023";"0,7013"
"22/06/2023";"22/07/2023";"0,6988"
"23/06/2023";"23/07/2023";"0,6727"
"24/06/2023";"24/07/2023";"0,6344"
"25/06/2023";"25/07/2023";"0,6708"
"26/06/2023";"26/07/2023";"0,6974"
"27/06/2023";"27/07/2023";"0,6944"
"28/06/2023";"28/07/2023";"0,6931"
"01/07/2023";"01/08/2023";"0,6589"
"02/07/2023";"02/08/2023";"0,6851"
"03/07/2023";"03/08/2023";"0,7213"
"04/07/2023";"04/08/2023";"0,7161"
"05/07/2023";"05/08/2023";"0,7187"
"06/07/2023";"06/08/2023";"0,6933"
"07/07/2023";"07/08/2023";"0,6561"
"08/07/2023";"08/08/2023";"0,6559"
"09/07/2023";"09/08/2023";"0,6920"
"10/07/2023";"10/08/2023";"0,7181"
"11/07/2023";"11/08/2023";"0,7196"
"12/07/2023";"12/08/2023";"0,7186"
"13/07/2023";"13/08/2023";"0,6910"
"14/07/2023";"14/08/2023";"0,6607"
"15/07/2023";"15/08/2023";"0,6619"
"16/07/2023";"16/08/2023";"0,6882"
"17/07/2023";"17/08/2023";"0,7247"
"18/07/2023";"18/08/2023";"0,7245"
"19/07/2023";"19/08/2023";"0,7247"
"20/07/2023";"20/08/2023";"0,6873"
"21/07/2023";"21/08/2023";"0,6588"
"22/07/2023";"22/08/2023";"0,6586"
"23/07/2023";"23/08/2023";"0,6948"
"24/07/2023";"24/08/2023";"0,7211"
"25/07/2023";"25/08/2023";"0,7187"
"26/07/2023";"26/08/2023";"0,7170"
"27/07/2023";"27/08/2023";"0,6905"
"28/07/2023";"28/08/2023";"0,6557"
"01/08/2023";"01/09/2023";"0,7171"
"02/08/2023";"02/09/2023";"0,7179"
"03/08/2023";"03/09/2023";"0,6804"
"04/08/2023";"04/09/2023";"0,6516"
"05/08/2023";"05/09/2023";"0,6458"
"06/08/2023";"06/09/2023";"0,6815"
"07/08/2023";"07/09/2023";"0,7072"
"08/08/2023";"08/09/2023";"0,6805"
"09/08/2023";"09/09/2023";"0,6805"
"10/08/2023";"10/09/2023";"0,6448"
"11/08/2023";"11/09/2023";"0,6188"
"12/08/2023";"12/09/2023";"0,6190"
"13/08/2023";"13/09/2023";"0,6444"
"14/08/2023";"14/09/2023";"0,6800"
"15/08/2023";"15/09/2023";"0,6798"
"16/08/2023";"16/09/2023";"0,6795"
"17/08/2023";"17/09/2023";"0,6437"
"18/08/2023";"18/09/2023";"0,6182"
"19/08/2023";"19/09/2023";"0,6178"
"20/08/2023";"20/09/2023";"0,6432"
"21/08/2023";"21/09/2023";"0,6787"
"22/08/2023";"22/09/2023";"0,6785"
"23/08/2023";"23/09/2023";"0,6778"
"24/08/2023";"24/09/2023";"0,6522"
"25/08/2023";"25/09/2023";"0,6164"
"26/08/2023";"26/09/2023";"0,6160"
"27/08/2023";"27/09/2023";"0,6514"
"28/08/2023";"28/09/2023";"0,6769"
"01/09/2023";"01/10/2023";"0,6136"
"02/09/2023";"02/10/2023";"0,5888"
"03/09/2023";"03/10/2023";"0,6116"
"04/09/2023";"04/10/2023";"0,6443"
"05/09/2023";"05/10/2023";"0,6404"
"06/09/2023";"06/10/2023";"0,6367"
"07/09/2023";"07/10/2023";"0,6337"
"08/09/2023";"08/10/2023";"0,6337"
"09/09/2023";"09/10/2023";"0,6075"
"10/09/2023";"10/10/2023";"0,6302"
"11/09/2023";"11/10/2023";"0,6630"
"12/09/2023";"12/10/2023";"0,6611"
"13/09/2023";"13/10/2023";"0,6258"
"14/09/2023";"14/10/2023";"0,6309"
"15/09/2023";"15/10/2023";"0,5957"
"16/09/2023";"16/10/2023";"0,5594"
"17/09/2023";"17/10/2023";"0,5922"
"18/09/2023";"18/10/2023";"0,6248"
"19/09/2023";"19/10/2023";"0,6214"
"20/09/2023";"20/10/2023";"0,6177"
"21/09/2023";"21/10/2023";"0,6156"
"22/09/2023";"22/10/2023";"0,5814"
"23/09/2023";"23/10/2023";"0,5565"
"24/09/2023";"24/10/2023";"0,5792"
"25/09/2023";"25/10/2023";"0,6118"
"26/09/2023";"26/10/2023";"0,6108"
"27/09/2023";"27/10/2023";"0,6081"
"28/09/2023";"28/10/2023";"0,6047"
"01/10/2023";"01/11/2023";"0,6061"
"02/10/2023";"02/11/2023";"0,6388"
"03/10/2023";"03/11/2023";"0,6064"
"04/10/2023";"04/11/2023";"0,6058"
"05/10/2023";"05/11/2023";"0,5845"
"06/10/2023";"06/11/2023";"0,5521"
"07/10/2023";"07/11/2023";"0,5531"
"08/10/2023";"08/11/2023";"0,5858"
"09/10/2023";"09/11/2023";"0,6087"
"10/10/2023";"10/11/2023";"0,6076"
"11/10/2023";"11/11/2023";"0,6086"
"12/10/2023";"12/11/2023";"0,5858"
"13/10/2023";"13/11/2023";"0,5858"
"14/10/2023";"14/11/2023";"0,5843"
"15/10/2023";"15/11/2023";"0,6070"
"16/10/2023";"16/11/2023";"0,6070"
"17/10/2023";"17/11/2023";"0,6074"
"18/10/2023";"18/11/2023";"0,6070"
"19/10/2023";"19/11/2023";"0,5845"
"20/10/2023";"20/11/2023";"0,5502"
"21/10/2023";"21/11/2023";"0,5499"
"22/10/2023";"22/11/2023";"0,5826"
"23/10/2023";"23/11/2023";"0,6053"
"24/10/2023";"24/11/2023";"0,6050"
"25/10/2023";"25/11/2023";"0,6046"
"26/10/2023";"26/11/2023";"0,5815"
"27/10/2023";"27/11/2023";"0,5478"
"28/10/2023";"28/11/2023";"0,5473"
"01/11/2023";"01/12/2023";"0,5779"
"02/11/2023";"02/12/2023";"0,5753"
"03/11/2023";"03/12/2023";"0,5753"
"04/11/2023";"04/12/2023";"0,5426"
"05/11/2023";"05/12/2023";"0,5749"
"06/11/2023";"06/12/2023";"0,6072"
"07/11/2023";"07/12/2023";"0,6071"
"08/11/2023";"08/12/2023";"0,6073"
"09/11/2023";"09/12/2023";"0,6072"
"10/11/2023";"10/12/2023";"0,5749"
"11/11/2023";"11/12/2023";"0,5424"
"12/11/2023";"12/12/2023";"0,5747"
"13/11/2023";"13/12/2023";"0,6071"
"14/11/2023";"14/12/2023";"0,6069"
"15/11/2023";"15/12/2023";"0,6067"
"16/11/2023";"16/12/2023";"0,6290"
"17/11/2023";"17/12/2023";"0,6061"
"18/11/2023";"18/12/2023";"0,5735"
"19/11/2023";"19/12/2023";"0,6057"
"20/11/2023";"20/12/2023";"0,6280"
"21/11/2023";"21/12/2023";"0,6283"
"22/11/2023";"22/12/2023";"0,6286"
"23/11/2023";"23/12/2023";"0,6287"
"24/11/2023";"24/12/2023";"0,6062"
"25/11/2023";"25/12/2023";"0,5730"
"26/11/2023";"26/12/2023";"0,5730"
"27/11/2023";"27/12/2023";"0,6053"
"28/11/2023";"28/12/2023";"0,6035"
"01/12/2023";"01/01/2024";"0,5693"
"02/12/2023";"02/01/2024";"0,5457"
"03/12/2023";"03/01/2024";"0,5646"
"04/12/2023";"04/01/2024";"0,5937"
"05/12/2023";"05/01/2024";"0,5915"
"06/12/2023";"06/01/2024";"0,5869"
"07/12/2023";"07/01/2024";"0,5630"
"08/12/2023";"08/01/2024";"0,5290"
"09/12/2023";"09/01/2024";"0,5251"
"10/12/2023";"10/01/2024";"0,5542"
"11/12/2023";"11/01/2024";"0,5832"
"12/12/2023";"12/01/2024";"0,5793"
"13/12/2023";"13/01/2024";"0,5770"
"14/12/2023";"14/01/2024";"0,5443"
"15/12/2023";"15/01/2024";"0,5219"
"16/12/2023";"16/01/2024";"0,5175"
"17/12/2023";"17/01/2024";"0,5463"
"18/12/2023";"18/01/2024";"0,5750"
"19/12/2023";"19/01/2024";"0,5727"
"20/12/2023";"20/01/2024";"0,5671"
"21/12/2023";"21/01/2024";"0,5466"
"22/12/2023";"22/01/2024";"0,5162"
"23/12/2023";"23/01/2024";"0,5249"
"24/12/2023";"24/01/2024";"0,5443"
"25/12/2023";"25/01/2024";"0,5736"
"26/12/2023";"26/01/2024";"0,6030"
"27/12/2023";"27/01/2024";"0,5962"
"28/12/2023";"28/01/2024";"0,5632"
"01/01/2024";"01/02/2024";"0,5879"
"02/01/2024";"02/02/2024";"0,6170"
"03/01/2024";"03/02/2024";"0,6171"
"04/01/2024";"04/02/2024";"0,5917"
"05/01/2024";"05/02/2024";"0,5663"
"06/01/2024";"06/02/2024";"0,5681"
"07/01/2024";"07/02/2024";"0,5977"
"08/01/2024";"08/02/2024";"0,6271"
"09/01/2024";"09/02/2024";"0,6252"
"10/01/2024";"10/02/2024";"0,6256"
"11/01/2024";"11/02/2024";"0,5939"
"12/01/2024";"12/02/2024";"0,5710"
"13/01/2024";"13/02/2024";"0,5429"
"14/01/2024";"14/02/2024";"0,5429"
"15/01/2024";"15/02/2024";"0,5721"
"16/01/2024";"16/02/2024";"0,5717"
"17/01/2024";"17/02/2024";"0,5692"
"18/01/2024";"18/02/2024";"0,5417"
"19/01/2024";"19/02/2024";"0,5099"
"20/01/2024";"20/02/2024";"0,5089"
"21/01/2024";"21/02/2024";"0,5379"
"22/01/2024";"22/02/2024";"0,5668"
"23/01/2024";"23/02/2024";"0,5659"
"24/01/2024";"24/02/2024";"0,5666"
"25/01/2024";"25/02/2024";"0,5378"
"26/01/2024";"26/02/2024";"0,5108"
"27/01/2024";"27/02/2024";"0,5122"
"28/01/2024";"28/02/2024";"0,5412"
"01/02/2024";"01/03/2024";"0,5079"
"02/02/2024";"02/03/2024";"0,5083"
"03/02/2024";"03/03/2024";"0,5000"
"04/02/2024";"04/03/2024";"0,5000"
"05/02/2024";"05/03/2024";"0,5090"
"06/02/2024";"06/03/2024";"0,5090"
"07/02/2024";"07/03/2024";"0,5087"
"08/02/2024";"08/03/2024";"0,5082"
"09/02/2024";"09/03/2024";"0,5079"
"10/02/2024";"10/03/2024";"0,5000"
"11/02/2024";"11/03/2024";"0,5000"
"12/02/2024";"12/03/2024";"0,5084"
"13/02/2024";"13/03/2024";"0,5374"
"14/02/2024";"14/03/2024";"0,5663"
"15/02/2024";"15/03/2024";"0,5668"
"16/02/2024";"16/03/2024";"0,5664"
"17/02/2024";"17/03/2024";"0,5366"
"18/02/2024";"18/03/2024";"0,5366"
"19/02/2024";"19/03/2024";"0,5655"
"20/02/2024";"20/03/2024";"0,5668"
"21/02/2024";"21/03/2024";"0,5651"
"22/02/2024";"22/03/2024";"0,5654"
"23/02/2024";"23/03/2024";"0,5638"
"24/02/2024";"24/03/2024";"0,5342"
"25/02/2024";"25/03/2024";"0,5342"
"26/02/2024";"26/03/2024";"0,5630"
"27/02/2024";"27/03/2024";"0,5626"
"28/02/2024";"28/03/2024";"0,5615"
"01/03/2024";"01/04/2024";"0,5333"
"02/03/2024";"02/04/2024";"0,5302"
"03/03/2024";"03/04/2024";"0,5565"
"04/03/2024";"04/04/2024";"0,5828"
"05/03/2024";"05/04/2024";"0,5816"
"06/03/2024";"06/04/2024";"0,5784"
"07/03/2024";"07/04/2024";"0,5475"
"08/03/2024";"08/04/2024";"0,5197"
"09/03/2024";"09/04/2024";"0,5551"
"10/03/2024";"10/04/2024";"0,5809"
"11/03/2024";"11/04/2024";"0,6067"
"12/03/2024";"12/04/2024";"0,6136"
"13/03/2024";"13/04/2024";"0,6106"
"14/03/2024";"14/04/2024";"0,5825"
"15/03/2024";"15/04/2024";"0,5522"
"16/03/2024";"16/04/2024";"0,5504"
"17/03/2024";"17/04/2024";"0,5763"
"18/03/2024";"18/04/2024";"0,6022"
"19/03/2024";"19/04/2024";"0,5990"
"20/03/2024";"20/04/2024";"0,5940"
"21/03/2024";"21/04/2024";"0,5631"
"22/03/2024";"22/04/2024";"0,5342"
"23/03/2024";"23/04/2024";"0,5517"
"24/03/2024";"24/04/2024";"0,5873"
"25/03/2024";"25/04/2024";"0,6131"
"26/03/2024";"26/04/2024";"0,6106"
"27/03/2024";"27/04/2024";"0,6066"
"28/03/2024";"28/04/2024";"0,5789"
"01/04/2024";"01/05/2024";"0,6028"
"02/04/2024";"02/05/2024";"0,5861"
"03/04/2024";"03/05/2024";"0,5854"
"04/04/2024";"04/05/2024";"0,5811"
"05/04/2024";"05/05/2024";"0,5464"
"06/04/2024";"06/05/2024";"0,5228"
"07/04/2024";"07/05/2024";"0,5488"
"08/04/2024";"08/05/2024";"0,5847"
"09/04/2024";"09/05/2024";"0,5844"
"10/04/2024";"10/05/2024";"0,5840"
"11/04/2024";"11/05/2024";"0,5812"
"12/04/2024";"12/05/2024";"0,5572"
"13/04/2024";"13/05/2024";"0,5212"
"14/04/2024";"14/05/2024";"0,5570"
"15/04/2024";"15/05/2024";"0,5828"
"16/04/2024";"16/05/2024";"0,5848"
"17/04/2024";"17/05/2024";"0,5602"
"18/04/2024";"18/05/2024";"0,5675"
"19/04/2024";"19/05/2024";"0,5364"
"20/04/2024";"20/05/2024";"0,5102"
"21/04/2024";"21/05/2024";"0,5365"
"22/04/2024";"22/05/2024";"0,5629"
"23/04/2024";"23/05/2024";"0,5608"
"24/04/2024";"24/05/2024";"0,5630"
"25/04/2024";"25/05/2024";"0,5624"
"26/04/2024";"26/05/2024";"0,5367"
"27/04/2024";"27/05/2024";"0,5088"
"28/04/2024";"28/05/2024";"0,5352"
"01/05/2024";"01/06/2024";"0,5874"
"02/05/2024";"02/06/2024";"0,5874"
"03/05/2024";"03/06/2024";"0,5524"
"04/05/2024";"04/06/2024";"0,5489"
"05/05/2024";"05/06/2024";"0,5848"
"06/05/2024";"06/06/2024";"0,6109"
"07/05/2024";"07/06/2024";"0,6087"
"08/05/2024";"08/06/2024";"0,6065"
"09/05/2024";"09/06/2024";"0,5838"
"10/05/2024";"10/06/2024";"0,5490"
"11/05/2024";"11/06/2024";"0,5344"
"12/05/2024";"12/06/2024";"0,5607"
"13/05/2024";"13/06/2024";"0,5869"
"14/05/2024";"14/06/2024";"0,5889"
"15/05/2024";"15/06/2024";"0,6149"
"16/05/2024";"16/06/2024";"0,5646"
"17/05/2024";"17/06/2024";"0,5387"
"18/05/2024";"18/06/2024";"0,5384"
"19/05/2024";"19/06/2024";"0,5649"
"20/05/2024";"20/06/2024";"0,5916"
"21/05/2024";"21/06/2024";"0,5926"
"22/05/2024";"22/06/2024";"0,5909"
"23/05/2024";"23/06/2024";"0,5643"
"24/05/2024";"24/06/2024";"0,5396"
"25/05/2024";"25/06/2024";"0,5418"
"26/05/2024";"26/06/2024";"0,5685"
"27/05/2024";"27/06/2024";"0,5952"
"28/05/2024";"28/06/2024";"0,5914"
"01/06/2024";"01/07/2024";"0,5367"
"02/06/2024";"02/07/2024";"0,5629"
"03/06/2024";"03/07/2024";"0,5891"
"04/06/2024";"04/07/2024";"0,5861"
"05/06/2024";"05/07/2024";"0,5853"
"06/06/2024";"06/07/2024";"0,6139"
"07/06/2024";"07/07/2024";"0,5606"
"08/06/2024";"08/07/2024";"0,5393"
"09/06/2024";"09/07/2024";"0,5658"
"10/06/2024";"10/07/2024";"0,5925"
"11/06/2024";"11/07/2024";"0,5887"
"12/06/2024";"12/07/2024";"0,5968"
"13/06/2024";"13/07/2024";"0,5950"
"14/06/2024";"14/07/2024";"0,5679"
"15/06/2024";"15/07/2024";"0,5401"
"16/06/2024";"16/07/2024";"0,5663"
"17/06/2024";"17/07/2024";"0,5927"
"18/06/2024";"18/07/2024";"0,5925"
"19/06/2024";"19/07/2024";"0,5941"
"20/06/2024";"20/07/2024";"0,5961"
"21/06/2024";"21/07/2024";"0,5656"
"22/06/2024";"22/07/2024";"0,5391"
"23/06/2024";"23/07/2024";"0,5655"
"24/06/2024";"24/07/2024";"0,5920"
"25/06/2024";"25/07/2024";"0,5898"
"26/06/2024";"26/07/2024";"0,5911"
"27/06/2024";"27/07/2024";"0,5921"
"28/06/2024";"28/07/2024";"0,5689"
"01/07/2024";"01/08/2024";"0,5743"
"02/07/2024";"02/08/2024";"0,5744"
"03/07/2024";"03/08/2024";"0,5746"
"04/07/2024";"04/08/2024";"0,5707"
"05/07/2024";"05/08/2024";"0,5672"
"06/07/2024";"06/08/2024";"0,5671"
"07/07/2024";"07/08/2024";"0,5709"
"08/07/2024";"08/08/2024";"0,5746"
"09/07/2024";"09/08/2024";"0,5748"
"10/07/2024";"10/08/2024";"0,5752"
"11/07/2024";"11/08/2024";"0,5711"
"12/07/2024";"12/08/2024";"0,5673"
"13/07/2024";"13/08/2024";"0,5673"
"14/07/2024";"14/08/2024";"0,5711"
"15/07/2024";"15/08/2024";"0,5748"
"16/07/2024";"16/08/2024";"0,5748"
"17/07/2024";"17/08/2024";"0,5749"
"18/07/2024";"18/08/2024";"0,5713"
"19/07/2024";"19/08/2024";"0,5674"
"20/07/2024";"20/08/2024";"0,5674"
"21/07/2024";"21/08/2024";"0,5712"
"22/07/2024";"22/08/2024";"0,5749"
"23/07/2024";"23/08/2024";"0,5749"
"24/07/2024";"24/08/2024";"0,5758"
"25/07/2024";"25/08/2024";"0,5714"
"26/07/2024";"26/08/2024";"0,5676"
"27/07/2024";"27/08/2024";"0,5674"
"28/07/2024";"28/08/2024";"0,5712"
"01/08/2024";"01/09/2024";"0,5711"
"02/08/2024";"02/09/2024";"0,5671"
"03/08/2024";"03/09/2024";"0,5671"
"04/08/2024";"04/09/2024";"0,5709"
"05/08/2024";"05/09/2024";"0,5746"
"06/08/2024";"06/09/2024";"0,5746"
"07/08/2024";"07/09/2024";"0,5747"
"08/08/2024";"08/09/2024";"0,5710"
"09/08/2024";"09/09/2024";"0,5674"
"10/08/2024";"10/09/2024";"0,5673"
"11/08/2024";"11/09/2024";"0,5711"
"12/08/2024";"12/09/2024";"0,5748"
"13/08/2024";"13/09/2024";"0,5748"
"14/08/2024";"14/09/2024";"0,5748"
"15/08/2024";"15/09/2024";"0,5712"
"16/08/2024";"16/09/2024";"0,5675"
"17/08/2024";"17/09/2024";"0,5676"
"18/08/2024";"18/09/2024";"0,5714"
"19/08/2024";"19/09/2024";"0,5763"
"20/08/2024";"20/09/2024";"0,5755"
"21/08/2024";"21/09/2024";"0,5749"
"22/08/2024";"22/09/2024";"0,5712"
"23/08/2024";"23/09/2024";"0,5675"
"24/08/2024";"24/09/2024";"0,5675"
"25/08/2024";"25/09/2024";"0,5713"
"26/08/2024";"26/09/2024";"0,5759"
"27/08/2024";"27/09/2024";"0,5767"
"28/08/2024";"28/09/2024";"0,5774"
"01/09/2024";"01/10/2024";"0,5678"
"02/09/2024";"02/10/2024";"0,5718"
"03/09/2024";"03/10/2024";"0,5722"
"04/09/2024";"04/10/2024";"0,5722"
"05/09/2024";"05/10/2024";"0,5722"
"06/09/2024";"06/10/2024";"0,5685"
"07/09/2024";"07/10/2024";"0,5648"
"08/09/2024";"08/10/2024";"0,5687"
"09/09/2024";"09/10/2024";"0,5726"
"10/09/2024";"10/10/2024";"0,5728"
"11/09/2024";"11/10/2024";"0,5730"
"12/09/2024";"12/10/2024";"0,5734"
"13/09/2024";"13/10/2024";"0,5696"
"14/09/2024";"14/10/2024";"0,5659"
"15/09/2024";"15/10/2024";"0,5697"
"16/09/2024";"16/10/2024";"0,5737"
"17/09/2024";"17/10/2024";"0,5738"
"18/09/2024";"18/10/2024";"0,5741"
"19/09/2024";"19/10/2024";"0,5742"
"20/09/2024";"20/10/2024";"0,5707"
"21/09/2024";"21/10/2024";"0,5668"
"22/09/2024";"22/10/2024";"0,5708"
"23/09/2024";"23/10/2024";"0,5747"
"24/09/2024";"24/10/2024";"0,5745"
"25/09/2024";"25/10/2024";"0,5742"
"26/09/2024";"26/10/2024";"0,5743"
"27/09/2024";"27/10/2024";"0,5704"
"28/09/2024";"28/10/2024";"0,5667"
"01/10/2024";"01/11/2024";"0,5982"
"02/10/2024";"02/11/2024";"0,5998"
"03/10/2024";"03/11/2024";"0,5760"
"04/10/2024";"04/11/2024";"0,5714"
"05/10/2024";"05/11/2024";"0,5716"
"06/10/2024";"06/11/2024";"0,5790"
"07/10/2024";"07/11/2024";"0,6054"
"08/10/2024";"08/11/2024";"0,6064"
"09/10/2024";"09/11/2024";"0,6083"
"10/10/2024";"10/11/2024";"0,5816"
"11/10/2024";"11/11/2024";"0,5720"
"12/10/2024";"12/11/2024";"0,5722"
"13/10/2024";"13/11/2024";"0,5835"
"14/10/2024";"14/11/2024";"0,6100"
"15/10/2024";"15/11/2024";"0,6081"
"16/10/2024";"16/11/2024";"0,5837"
"17/10/2024";"17/11/2024";"0,5713"
"18/10/2024";"18/11/2024";"0,5686"
"19/10/2024";"19/11/2024";"0,5687"
"20/10/2024";"20/11/2024";"0,5727"
"21/10/2024";"21/11/2024";"0,5727"
"22/10/2024";"22/11/2024";"0,5728"
"23/10/2024";"23/11/2024";"0,5729"
"24/10/2024";"24/11/2024";"0,5689"
"25/10/2024";"25/11/2024";"0,5649"
"26/10/2024";"26/11/2024";"0,5648"
"27/10/2024";"27/11/2024";"0,5688"
"28/10/2024";"28/11/2024";"0,5729"
"01/11/2024";"01/12/2024";"0,5652"
"02/11/2024";"02/12/2024";"0,5484"
"03/11/2024";"03/12/2024";"0,5654"
"04/11/2024";"04/12/2024";"0,5694"
"05/11/2024";"05/12/2024";"0,5694"
"06/11/2024";"06/12/2024";"0,5697"
"07/11/2024";"07/12/2024";"0,5699"
"08/11/2024";"08/12/2024";"0,5660"
"09/11/2024";"09/12/2024";"0,5531"
"10/11/2024";"10/12/2024";"0,5661"
"11/11/2024";"11/12/2024";"0,5701"
"12/11/2024";"12/12/2024";"0,5709"
"13/11/2024";"13/12/2024";"0,5701"
"14/11/2024";"14/12/2024";"0,5702"
"15/11/2024";"15/12/2024";"0,5663"
"16/11/2024";"16/12/2024";"0,5663"
"17/11/2024";"17/12/2024";"0,5704"
"18/11/2024";"18/12/2024";"0,5744"
"19/11/2024";"19/12/2024";"0,5746"
"20/11/2024";"20/12/2024";"0,5746"
"21/11/2024";"21/12/2024";"0,6004"
"22/11/2024";"22/12/2024";"0,5748"
"23/11/2024";"23/12/2024";"0,5714"
"24/11/2024";"24/12/2024";"0,5792"
"25/11/2024";"25/12/2024";"0,6068"
"26/11/2024";"26/12/2024";"0,5756"
"27/11/2024";"27/12/2024";"0,5802"
"28/11/2024";"28/12/2024";"0,5756"
"01/12/2024";"01/01/2025";"0,5826"
"02/12/2024";"02/01/2025";"0,5826"
"03/12/2024";"03/01/2025";"0,5847"
"04/12/2024";"04/01/2025";"0,5879"
"05/12/2024";"05/01/2025";"0,5732"
"06/12/2024";"06/01/2025";"0,5691"
"07/12/2024";"07/01/2025";"0,5704"
"08/12/2024";"08/01/2025";"0,5749"
"09/12/2024";"09/01/2025";"0,6051"
"10/12/2024";"10/01/2025";"0,6078"
"11/12/2024";"11/01/2025";"0,6091"
"12/12/2024";"12/01/2025";"0,5835"
"13/12/2024";"13/01/2025";"0,5731"
"14/12/2024";"14/01/2025";"0,5734"
"15/12/2024";"15/01/2025";"0,5958"
"16/12/2024";"16/01/2025";"0,6266"
"17/12/2024";"17/01/2025";"0,6291"
"18/12/2024";"18/01/2025";"0,6295"
"19/12/2024";"19/01/2025";"0,6044"
"20/12/2024";"20/01/2025";"0,5813"
"21/12/2024";"21/01/2025";"0,5804"
"22/12/2024";"22/01/2025";"0,6117"
"23/12/2024";"23/01/2025";"0,6430"
"24/12/2024";"24/01/2025";"0,6436"
"25/12/2024";"25/01/2025";"0,6425"
"26/12/2024";"26/01/2025";"0,6425"
"27/12/2024";"27/01/2025";"0,6175"
"28/12/2024";"28/01/2025";"0,6160"
